"obs.tot"	"obs.groups"	"df"	"statistic"	"pvalue"
"tRNA aminoacylation for protein translation"	133	5	4	67.6233868058657	7.20266608200095e-14
"rRNA modification"	133	5	4	71.6481610258264	1.01843056639031e-14
"rRNA methylation"	133	5	4	87.021021802586	5.65051184963177e-18
"purine ribonucleotide biosynthetic process"	133	5	4	38.4491921302386	9.05198589471848e-08
"guanosine-containing compound biosynthetic process"	133	5	4	63.7202476482416	4.78622626900313e-13
"purine ribonucleoside monophosphate biosynthetic process"	133	5	4	30.621310871374	3.65711185127405e-06
"GMP metabolic process"	133	5	4	56.5173346311837	1.56196486194181e-11
"GMP biosynthetic process"	133	5	4	63.6492292975751	4.95387570383208e-13
"rRNA 2-O-methylation"	133	5	4	91.844459536178	5.34081650166964e-19
"enzyme-directed rRNA 2-O-methylation"	133	5	4	92.2212390182995	4.44151573805446e-19
"maturation of 5.8S rRNA"	133	5	4	93.3193716299321	2.59481917303894e-19
"maturation of 5.8S rRNA from tricistronic rRNA transcript (SSU-rRNA, 5.8S rRNA, LSU-rRNA)"	133	5	4	93.3193716299321	2.59481917303894e-19
"maturation of LSU-rRNA"	133	5	4	94.0583469186038	1.80715161846926e-19
"maturation of LSU-rRNA from tricistronic rRNA transcript (SSU-rRNA, 5.8S rRNA, LSU-rRNA)"	133	5	4	93.3193716299321	2.59481917303894e-19
"isoleucyl-tRNA aminoacylation"	133	5	4	90.7891668671683	8.95055954543489e-19
"leucyl-tRNA aminoacylation"	133	5	4	91.8605875307667	5.29883185177853e-19
"purine ribonucleoside triphosphate biosynthetic process"	133	5	4	52.6600473047998	1.00382042219623e-10
"GTP biosynthetic process"	133	5	4	28.2378933272153	1.11619714834672e-05
"GTP metabolic process"	133	5	4	28.2715514585187	1.0987914905193e-05
"methionine biosynthetic process"	133	5	4	65.815658410655	1.73225311770798e-13
"ADP metabolic process"	133	5	4	40.5760983459936	3.28963762561513e-08
"ATP generation from ADP"	133	5	4	40.5984759312194	3.25474546405412e-08
"glycolytic process"	133	5	4	40.5984759312194	3.25474546405412e-08
"tRNA modification"	133	5	4	52.9687598889197	8.65099133650405e-11
"ATP biosynthetic process"	133	5	4	54.8699399363941	3.45936753614539e-11
"siderophore transport"	133	5	4	80.2352469229211	1.55297873422766e-16
"tyrosine biosynthetic process"	133	5	4	43.8209047164638	6.98948390367692e-09
"L-phenylalanine biosynthetic process"	133	5	4	56.9266923835786	1.28176344343686e-11
"negative regulation of transcription, DNA-templated"	133	5	4	52.4421870267864	1.11488313317501e-10
"lysine biosynthetic process"	133	5	4	64.2656979054053	3.67400541981835e-13
"ribonucleoprotein complex export from nucleus"	133	5	4	65.1004889831267	2.45077884052129e-13
"ribosomal large subunit export from nucleus"	133	5	4	68.9445709240702	3.7911050262587e-14
"ribosomal subunit export from nucleus"	133	5	4	65.1004889831267	2.45077884052129e-13
"rRNA-containing ribonucleoprotein complex export from nucleus"	133	5	4	65.1004889831267	2.45077884052129e-13
"arginine biosynthetic process"	133	5	4	76.4115341614908	1.00183485082999e-15
"ATP synthesis coupled proton transport"	133	5	4	56.4342699744707	1.62589167358743e-11
"pyrimidine ribonucleotide biosynthetic process"	133	5	4	85.7550221901675	1.04900007289035e-17
"regulation of DNA-templated transcription, initiation"	133	5	4	83.2938742830288	3.49022043791254e-17
"IMP metabolic process"	133	5	4	28.2955980342038	1.08652191400905e-05
"IMP biosynthetic process"	133	5	4	28.4133136199312	1.02839767437892e-05
"de novo IMP biosynthetic process"	133	5	4	26.8595079134896	2.12222237573287e-05
"DNA methylation on adenine"	133	5	4	72.7459000049943	5.97015907745018e-15
"lysine biosynthetic process via diaminopimelate"	133	5	4	65.5405352534451	1.97964857494171e-13
"rRNA 5-end processing"	133	5	4	44.4336359560139	5.21388254201591e-09
"UMP metabolic process"	133	5	4	76.8683264824239	8.01913671556586e-16
"pyrimidine ribonucleoside monophosphate biosynthetic process"	133	5	4	76.8837473773664	7.9590992598817e-16
"UMP biosynthetic process"	133	5	4	76.8837473773664	7.9590992598817e-16
"acyl-CoA metabolic process"	133	5	4	28.6690438246431	9.12570600129401e-06
"rRNA base methylation"	133	5	4	79.2998677259621	2.45082532194314e-16
"nicotinamide nucleotide biosynthetic process"	133	5	4	59.6359881419143	3.45950594164570e-12
"AMP metabolic process"	133	5	4	38.5003741496599	8.83443983567792e-08
"AMP biosynthetic process"	133	5	4	38.8773008493338	7.38505273106254e-08
"arginine catabolic process"	133	5	4	48.1240900312934	8.89207530759764e-10
"maturation of SSU-rRNA"	133	5	4	54.3729348715722	4.3965079221201e-11
"cellular iron ion homeostasis"	133	5	4	28.4776125893572	9.97966460809737e-06
"regulation of transcription by RNA polymerase II"	133	5	4	15.2492145348268	0.00421128336796268
"protein secretion by the type II secretion system"	133	5	4	71.2390951812046	1.24262477480233e-14
"NAD biosynthetic process"	133	5	4	60.5887397499675	2.18166739843901e-12
"proline biosynthetic process"	133	5	4	66.7915666449532	1.0787002729951e-13
"cysteine biosynthetic process"	133	5	4	63.3562826887508	5.70972726748728e-13
"purine nucleotide salvage"	133	5	4	57.9680839841506	7.74962480853185e-12
"de novo UMP biosynthetic process"	133	5	4	74.280721564917	2.82833633698635e-15
"glycolytic process through fructose-6-phosphate"	133	5	4	37.62920888482	1.33630784631382e-07
"glycine catabolic process"	133	5	4	63.5937123718819	5.0890068100114e-13
"protein targeting to membrane"	133	5	4	77.1602598803305	6.95568124437334e-16
"glutamate biosynthetic process"	133	5	4	45.4548800824306	3.19778371814487e-09
"ionotropic glutamate receptor activity"	133	5	4	61.0863412596732	1.71464761951592e-12
"L-methionine biosynthetic process"	133	5	4	74.8252235055019	2.16961661947962e-15
"acetyl-CoA metabolic process"	133	5	4	39.9459966160508	4.44117175962267e-08
"heme transport"	133	5	4	22.1596023949324	0.000186278729126125
"pyrimidine deoxyribonucleotide metabolic process"	133	5	4	55.9617712131959	2.04252525412455e-11
"acyl-CoA biosynthetic process"	133	5	4	31.7590379913068	2.14275536707615e-06
"positive regulation of transcription, DNA-templated"	133	5	4	39.6856455442271	5.02722242231652e-08
"threonine biosynthetic process"	133	5	4	73.2243497407202	4.73001948657307e-15
"2-deoxyribonucleotide biosynthetic process"	133	5	4	53.6408706132236	6.25744246646906e-11
"pyrimidine deoxyribonucleotide biosynthetic process"	133	5	4	53.9472493285851	5.39824255922264e-11
"siderophore transmembrane transport"	133	5	4	57.3870594979807	1.0261720702169e-11
"tRNA methylation"	133	5	4	49.0069800828853	5.81927798022816e-10
"glycine biosynthetic process"	133	5	4	55.7478036329308	2.26476803810427e-11
"pyrimidine ribonucleoside triphosphate biosynthetic process"	133	5	4	71.2849411562933	1.21522432544406e-14
"AMP salvage"	133	5	4	52.3348924328303	1.17400870919775e-10
"CTP biosynthetic process"	133	5	4	73.4272630339221	4.28519683042188e-15
"CTP metabolic process"	133	5	4	73.4272630339221	4.28519683042188e-15
"valyl-tRNA aminoacylation"	133	5	4	25.7763544421623	3.51059718948526e-05
"tRNA wobble base modification"	133	5	4	69.4570323281581	2.95537125707256e-14
"guanosine tetraphosphate metabolic process"	133	5	4	72.0551575177177	8.35500401757036e-15
"alanine catabolic process"	133	5	4	38.8956712254426	7.32081873022395e-08
"L-alanine catabolic process"	133	5	4	32.7983471192312	1.31358456154866e-06
"L-alanine metabolic process"	133	5	4	38.8203256867554	7.58786951710959e-08
"GDP metabolic process"	133	5	4	39.0989006666346	6.64632854327252e-08
"tRNA wobble uridine modification"	133	5	4	56.3589344912469	1.68612679726394e-11
"acetyl-CoA biosynthetic process"	133	5	4	50.4464817538332	2.91321163417342e-10
"de novo CTP biosynthetic process"	133	5	4	61.0493029537522	1.7456717967715e-12
"L-methionine salvage"	133	5	4	53.8447121910162	5.67180602037988e-11
"threonine catabolic process"	133	5	4	68.6873967138309	4.29569370587882e-14
"lysyl-tRNA aminoacylation"	133	5	4	39.5786595822131	5.28985490388056e-08
"protein secretion by the type V secretion system"	133	5	4	33.6775307199046	8.67724610638611e-07
"copper ion export"	133	5	4	79.7058835851195	2.01053032099858e-16
"de novo AMP biosynthetic process"	133	5	4	39.6564440731896	5.09758859338567e-08
"glycine decarboxylation via glycine cleavage system"	133	5	4	60.2364239043613	2.58726777263618e-12
"purine ribonucleoside salvage"	133	5	4	46.8198076879661	1.66254728983114e-09
"protein targeting to ER"	133	5	4	72.9939105451211	5.29138940746599e-15
"cotranslational protein targeting to membrane"	133	5	4	73.5325433759383	4.07113214003596e-15
"SRP-dependent cotranslational protein targeting to membrane"	133	5	4	73.5325433759383	4.07113214003596e-15
"alanine biosynthetic process"	133	5	4	63.1904938957622	6.18746666026112e-13
"cysteine biosynthetic process from serine"	133	5	4	59.4049557669796	3.8685764484458e-12
"arginine biosynthetic process via ornithine"	133	5	4	57.5423872684295	9.51975155350101e-12
"L-alpha-amino acid transmembrane transport"	133	5	4	40.3742627331361	3.62169940199233e-08
"glutamine biosynthetic process"	133	5	4	53.2507736217516	7.55178813281301e-11
"negative regulation of endopeptidase activity"	133	5	4	39.5689358115145	5.31439305561269e-08
"histidine catabolic process to glutamate and formamide"	133	5	4	55.60720531993	2.42379340265723e-11
"histidine catabolic process to glutamate and formate"	133	5	4	55.6207612971804	2.4079870167833e-11
"asparagine biosynthetic process"	133	5	4	62.6576581112522	8.01036658435095e-13
"coenzyme A metabolic process"	133	5	4	34.8014529713237	5.10264642520894e-07
"regulation of DNA-templated transcription, elongation"	133	5	4	53.9469537621515	5.39901186497263e-11
"3-5 DNA helicase activity"	133	5	4	73.0498772355929	5.14921110200039e-15
"coenzyme A biosynthetic process"	133	5	4	70.1372601285479	2.1233281757642e-14
"proline catabolic process"	133	5	4	29.8941232742885	5.14344716682668e-06
"arginyl-tRNA aminoacylation"	133	5	4	53.244783569129	7.57361865288793e-11
"S-adenosylhomocysteine catabolic process"	133	5	4	39.210546450137	6.3025514515585e-08
"phenylalanyl-tRNA aminoacylation"	133	5	4	68.033236675142	5.90261647409534e-14
"L-proline biosynthetic process"	133	5	4	57.6640161494661	8.97636448654369e-12
"pyrimidine deoxyribonucleoside triphosphate biosynthetic process"	133	5	4	59.4024001872982	3.87336162562376e-12
"de novo L-methionine biosynthetic process"	133	5	4	63.5543736162649	5.18698264785175e-13
"dTTP metabolic process"	133	5	4	53.2843479227885	7.4305858885907e-11
"cadmium transmembrane transporter activity, phosphorylative mechanism"	133	5	4	57.2889723882258	1.07597365137815e-11
"dTTP biosynthetic process"	133	5	4	52.1228223286207	1.30023957567636e-10
"propionate catabolic process"	133	5	4	27.0369313364677	1.95400503487262e-05
"glutamine catabolic process"	133	5	4	30.9884428425818	3.07805911026873e-06
"D-alanine family amino acid metabolic process"	133	5	4	60.1389798479511	2.71219290640426e-12
"D-alanine metabolic process"	133	5	4	60.1389798479511	2.71219290640426e-12
"pyrimidine deoxyribonucleoside monophosphate biosynthetic process"	133	5	4	36.9187756915765	1.87205624756871e-07
"propionate catabolic process, 2-methylcitrate cycle"	133	5	4	28.9357425213437	8.05589682457342e-06
"four-way junction helicase activity"	133	5	4	59.1125867501328	4.45620901401127e-12
"amino acid:sodium symporter activity"	133	5	4	38.0443603789221	1.09719412993677e-07
"plasma membrane ATP synthesis coupled proton transport"	133	5	4	25.9948634784061	3.17201677225297e-05
"alanyl-tRNA aminoacylation"	133	5	4	62.9248647215197	7.03753059962389e-13
"charged-tRNA amino acid modification"	133	5	4	56.5500546382638	1.53747820728694e-11
"glycine biosynthetic process from serine"	133	5	4	54.4062835891844	4.32636462667572e-11
"dTMP biosynthetic process"	133	5	4	34.4375958338248	6.06025360176128e-07
"dTMP metabolic process"	133	5	4	34.4375958338248	6.06025360176128e-07
"proline catabolic process to glutamate"	133	5	4	38.8265613543143	7.56540414953988e-08
"glycyl-tRNA aminoacylation"	133	5	4	61.89297011105	1.16020674915097e-12
"tRNA pseudouridine synthesis"	133	5	4	47.2772918487727	1.33500641268216e-09
"glutamyl-tRNA aminoacylation"	133	5	4	63.5338339886777	5.23888449347075e-13
"tRNA threonylcarbamoyladenosine modification"	133	5	4	49.8525526476779	3.87610812783369e-10
"iron import into cell"	133	5	4	36.4475343730641	2.34076044301489e-07
"actin nucleation"	133	5	4	48.6562794171204	6.88694258961497e-10
"positive regulation of actin filament polymerization"	133	5	4	48.0079206492874	9.40202254604911e-10
"regulation of actin filament polymerization"	133	5	4	48.843204868422	6.29557998715803e-10
"cellular copper ion homeostasis"	133	5	4	45.4760334523118	3.16555043959831e-09
"alanine transport"	133	5	4	43.6089196511618	7.73505144223401e-09
"threonyl-tRNA aminoacylation"	133	5	4	51.2093055179026	2.01835795491778e-10
"aspartyl-tRNA aminoacylation"	133	5	4	24.6221087382832	5.99224385058478e-05
"prolyl-tRNA aminoacylation"	133	5	4	52.0170923272229	1.36814814549591e-10
"IMP salvage"	133	5	4	40.2011617632988	3.93299189367208e-08
"asparaginyl-tRNA aminoacylation"	133	5	4	24.0386015493117	7.84642192153481e-05
"methionyl-tRNA aminoacylation"	133	5	4	57.6301093646416	9.12465317233667e-12
"lysine catabolic process"	133	5	4	31.5827554113694	2.32797403192542e-06
"pyrimidine nucleotide salvage"	133	5	4	51.310025486385	1.92286337280934e-10
"pyrimidine ribonucleotide salvage"	133	5	4	51.310025486385	1.92286337280934e-10
"L-lysine catabolic process"	133	5	4	36.0404609690257	2.83876285121975e-07
"L-lysine metabolic process"	133	5	4	36.0404609690257	2.83876285121975e-07
"methionine transport"	133	5	4	33.3972978363484	9.90396356524834e-07
"L-lysine catabolic process to acetyl-CoA"	133	5	4	38.0962533780804	1.07047735947486e-07
"L-lysine catabolic process to acetyl-CoA via saccharopine"	133	5	4	38.4864121755095	8.89326182444618e-08
"L-serine biosynthetic process"	133	5	4	54.8165108377629	3.54969040825908e-11
"siderophore-dependent iron import into cell"	133	5	4	38.602978686981	8.41390463058051e-08
"arginine catabolic process to succinate"	133	5	4	37.2116886899799	1.6291835644404e-07
"tRNA dihydrouridine synthesis"	133	5	4	60.3882860923717	2.40393847613936e-12
"L-methionine salvage from methylthioadenosine"	133	5	4	44.9074633605359	4.15604446594807e-09
"gluconate transmembrane transport"	133	5	4	45.5192302356901	3.10073138627657e-09
"electron transport coupled proton transport"	133	5	4	34.195492472204	6.7946587665878e-07
"D-alanine biosynthetic process"	133	5	4	60.2978302545021	2.51151311438636e-12
"D-alanine family amino acid biosynthetic process"	133	5	4	60.2978302545021	2.51151311438636e-12
"acetyl-CoA biosynthetic process from acetate"	133	5	4	39.063531993235	6.7590881706559e-08
"malonyl-CoA biosynthetic process"	133	5	4	31.5188754682794	2.39895774528782e-06
"malonyl-CoA metabolic process"	133	5	4	31.5188754682794	2.39895774528782e-06
"potassium:proton exchanging ATPase activity"	133	5	4	31.0675680504125	2.96575707474354e-06
"arachidonate transport"	133	5	4	26.3080113169241	2.74263044400633e-05
"arachidonic acid secretion"	133	5	4	26.3080113169241	2.74263044400633e-05
"long-chain fatty acid transport"	133	5	4	19.8957096848827	0.000523637288851394
"tryptophan catabolic process to kynurenine"	133	5	4	47.7765583551467	1.05062333064375e-09
"ATPase-coupled ferric iron transmembrane transporter activity"	133	5	4	48.5149803038916	7.37048513300147e-10
"amino acid import across plasma membrane"	133	5	4	34.2891858505705	6.50047552258961e-07
"plasma membrane copper ion transport"	133	5	4	30.8123388915115	3.34343446638218e-06
"UMP salvage"	133	5	4	50.4109084301634	2.96348007901265e-10
"L-methionine salvage from S-adenosylmethionine"	133	5	4	38.7097883905212	7.99733157297373e-08
"glutamate catabolic process"	133	5	4	48.5300888430388	7.31720412874568e-10
"glutamate catabolic process to 2-oxoglutarate"	133	5	4	51.0539492430537	2.17502124853165e-10
"rRNA (guanine-N7)-methylation"	133	5	4	50.1422639418533	3.37214016454105e-10
"tRNA acetylation"	133	5	4	83.6627778434712	2.91488065993575e-17
"tRNA wobble cytosine modification"	133	5	4	41.4550967972455	2.16346977936601e-08
"alanine:sodium symporter activity"	133	5	4	44.9478523196385	4.07646404568824e-09
"enterobactin biosynthetic process"	133	5	4	40.7734051740536	2.99441088099321e-08
"DNA methylation on cytosine"	133	5	4	63.764339398881	4.68500538882282e-13
"N-4 methylation of cytosine"	133	5	4	42.5980664174246	1.25381494418044e-08
"uracil salvage"	133	5	4	42.4044451935794	1.37527064984815e-08
"selenocysteine biosynthetic process"	133	5	4	51.689684273932	1.60172711877553e-10
"cysteine transport"	133	5	4	55.7397960944771	2.27353852168859e-11
"tRNA thio-modification"	133	5	4	38.2792891599163	9.81318023147926e-08
"5-3 DNA helicase activity"	133	5	4	42.4545017853952	1.34278914876218e-08
"tRNA 3-end processing"	133	5	4	38.8444296128029	7.50139652852005e-08
"posttranslational protein targeting to membrane, translocation"	133	5	4	30.7503258186755	3.44220887023875e-06
"arginine catabolic process to glutamate"	133	5	4	41.2621833101254	2.37196991358944e-08
"cyclic purine nucleotide metabolic process"	133	5	4	44.1046657448955	6.10250863352923e-09
"fatty acid beta-oxidation, unsaturated, even number"	133	5	4	36.2939256604591	2.51752663333503e-07
"fatty acid beta-oxidation, unsaturated, even number, reductase/isomerase pathway"	133	5	4	36.2939256604591	2.51752663333503e-07
"histidyl-tRNA aminoacylation"	133	5	4	51.9569803563755	1.40832441586053e-10
"conversion of methionyl-tRNA to N-formyl-methionyl-tRNA"	133	5	4	46.4046538545961	2.02868478152858e-09
"lactate transmembrane transport"	133	5	4	45.1960080215135	3.61981876196594e-09
"tyrosyl-tRNA aminoacylation"	133	5	4	49.8615452511897	3.85938830241866e-10
"cysteine transmembrane transport"	133	5	4	32.8106910843407	1.30596520737825e-06
"L-cystine transport"	133	5	4	43.9026729923813	6.72146079214409e-09
"propionate metabolic process, methylcitrate cycle"	133	5	4	25.0201834749116	4.984188838942e-05
"L-serine catabolic process"	133	5	4	40.9107860498443	2.80460793581106e-08
"tryptophanyl-tRNA aminoacylation"	133	5	4	47.8838742415265	9.97881571703577e-10
"acetyl-CoA biosynthetic process from pyruvate"	133	5	4	40.9360002658971	2.77109921917822e-08
"positive regulation of protein ubiquitination"	133	5	4	27.4681839325568	1.59839098471935e-05
"positive regulation of ubiquitin-protein transferase activity"	133	5	4	19.9193669124389	0.000518038985554566
"positive regulation of ubiquitin protein ligase activity"	133	5	4	19.9193669124389	0.000518038985554566
"L-glutamate transmembrane transport"	133	5	4	31.7939225685819	2.10788078141144e-06
"L-phenylalanine catabolic process"	133	5	4	39.483832436933	5.53405664110619e-08
"fatty acid beta-oxidation using acyl-CoA dehydrogenase"	133	5	4	52.1563365268896	1.27942463194083e-10
"phenylalanine transport"	133	5	4	41.4478330022878	2.17097861240111e-08
"tryptophan transport"	133	5	4	29.120250763334	7.38977104658664e-06
"tyrosine transport"	133	5	4	28.9430832789735	8.02828741278765e-06
"cysteinyl-tRNA aminoacylation"	133	5	4	48.5118827904591	7.38145641637399e-10
"regulation of DNA-binding transcription factor activity"	133	5	4	74.0932688121997	3.09861307844331e-15
"negative regulation of DNA-binding transcription factor activity"	133	5	4	80.680845382779	1.24954511298621e-16
"valine transport"	133	5	4	42.3389942440298	1.41892701464225e-08
"glutaminyl-tRNA aminoacylation"	133	5	4	53.6634534325176	6.18969569923566e-11
"pyrimidine ribonucleoside diphosphate biosynthetic process"	133	5	4	23.4851877816564	0.000101277765814778
"UDP biosynthetic process"	133	5	4	23.4851877816564	0.000101277765814778
"UDP metabolic process"	133	5	4	23.4851877816564	0.000101277765814778
"nicotinate nucleotide biosynthetic process"	133	5	4	44.0029632904284	6.40669043589009e-09
"cAMP metabolic process"	133	5	4	41.0553676394019	2.61780623105053e-08
"3-5 RNA helicase activity"	133	5	4	35.9541357912091	2.95724784197535e-07
"seryl-tRNA aminoacylation"	133	5	4	56.0524796455166	1.95501221702005e-11
"C-5 methylation of cytosine"	133	5	4	52.8207924573649	9.29021931404853e-11
"cAMP biosynthetic process"	133	5	4	38.72520475569	7.93892890692219e-08
"sodium:proton antiporter activity"	133	5	4	40.2648807530696	3.81541593812038e-08
"adenine salvage"	133	5	4	46.9305063109933	1.57659357403338e-09
"D-methionine transmembrane transporter activity"	133	5	4	49.7656463041565	4.04146531438291e-10
"D-methionine transport"	133	5	4	31.4822644004511	2.440607673794e-06
"potassium:proton antiporter activity"	133	5	4	34.2736772878098	6.5482783065553e-07
"L-threonine catabolic process to glycine"	133	5	4	38.6130406953031	8.37375516933897e-08
"L-methionine transmembrane transporter activity"	133	5	4	17.9025480751497	0.00128940623357273
"succinyl-CoA metabolic process"	133	5	4	24.7126858952906	5.74640198089941e-05
"arginine transport"	133	5	4	43.0597129756447	1.0056817208241e-08
"arginine deiminase pathway"	133	5	4	52.0897094334917	1.32113733969291e-10
"dUTP metabolic process"	133	5	4	53.2273982799541	7.63733620560512e-11
"FAD biosynthetic process"	133	5	4	46.9840597980172	1.53661768462785e-09
"FMN biosynthetic process"	133	5	4	47.0213178360102	1.50940419446373e-09
"isoleucine transport"	133	5	4	44.2316364888333	5.74290252093277e-09
"NADP biosynthetic process"	133	5	4	47.1041262421861	1.45063095632989e-09
"positive regulation of protein kinase activity"	133	5	4	15.441945137903	0.00386713326779256
"activation of protein kinase activity"	133	5	4	30.2064272371731	4.44293767019058e-06
"glutathione transmembrane transport"	133	5	4	37.2356048230241	1.61079956467623e-07
"tRNA wobble adenosine to inosine editing"	133	5	4	48.3902382613695	7.82545662787291e-10
"proline transport"	133	5	4	43.4582542042318	8.31271249579365e-09
"serine transport"	133	5	4	55.1059464009797	3.08707454493224e-11
"tRNA 3-terminal CCA addition"	133	5	4	45.3549089842158	3.35460709393776e-09
"de novo NAD biosynthetic process"	133	5	4	42.3451294870565	1.4147766904161e-08
"D-alanine transport"	133	5	4	46.6196405132221	1.83001831469166e-09
"enzyme-directed rRNA pseudouridine synthesis"	133	5	4	42.5709175339228	1.2701771380635e-08
"rRNA pseudouridine synthesis"	133	5	4	41.0134078854045	2.67070237354171e-08
"tRNA-guanine transglycosylation"	133	5	4	50.6814374071681	2.60191628939249e-10
"dUMP biosynthetic process"	133	5	4	44.0485655640266	6.26847113665062e-09
"dUMP metabolic process"	133	5	4	42.2416657119944	1.48641579537419e-08
"putrescine biosynthetic process from arginine"	133	5	4	55.808850413078	2.19900617821551e-11
"aspartate transmembrane transport"	133	5	4	39.306501065999	6.02129847010653e-08
"enterobactin transport"	133	5	4	23.8997692901476	8.3655969966143e-05
"tRNA (guanine-N7)-methylation"	133	5	4	45.8926434322023	2.59285309660447e-09
"L-asparagine biosynthetic process"	133	5	4	32.7303845985523	1.35633474179013e-06
"L-asparagine metabolic process"	133	5	4	32.7303845985523	1.35633474179013e-06
"ammonia assimilation cycle"	133	5	4	42.3187486857802	1.43270895870324e-08
"asparagine catabolic process"	133	5	4	34.9053049474882	4.85811888789831e-07
"basic amino acid transmembrane transport"	133	5	4	49.9160415061385	3.75959343897318e-10
"arginine transmembrane transport"	133	5	4	50.1070580333464	3.42970805769529e-10
"L-valine transmembrane transport"	133	5	4	51.0877822541055	2.13990071848122e-10
"arginine catabolic process to ornithine"	133	5	4	44.5197207672444	5.0034846414028e-09
"guanosine tetraphosphate biosynthetic process"	133	5	4	33.7923250985417	8.21958243263782e-07
"purine ribonucleoside bisphosphate biosynthetic process"	133	5	4	23.1117647670522	0.000120279409174244
"tRNA 5-end processing"	133	5	4	43.8122598563501	7.01843645459071e-09
"tRNA 5-leader removal"	133	5	4	45.3018712593293	3.44089937331415e-09
"L-threonine catabolic process to propionate"	133	5	4	38.8640561279572	7.43171276827945e-08
"negative regulation of leukocyte tethering or rolling"	133	5	4	20.3194444444448	0.000431859110480177
"mRNA polyadenylation"	133	5	4	37.614926946468	1.34539948993591e-07
"pyridine nucleotide salvage"	133	5	4	45.4917017463672	3.14188449928625e-09
"nicotinate nucleotide salvage"	133	5	4	37.6185642992189	1.34307817440083e-07
"D-alanine catabolic process"	133	5	4	37.5978398494478	1.3563579277306e-07
"cytidine catabolic process"	133	5	4	37.9845197066674	1.12882919947864e-07
"cytidine deamination"	133	5	4	38.3584738935949	9.45078681623095e-08
"regulation of intracellular pH"	133	5	4	81.2333645431276	9.54259453537087e-17
"queuosine salvage"	133	5	4	50.1983603926498	3.28239926212496e-10
"single-stranded DNA helicase activity"	133	5	4	44.8207436159673	4.33219002147084e-09
"de novo NAD biosynthetic process from tryptophan"	133	5	4	43.9863063144848	6.45793212783195e-09
"L-glutamate biosynthetic process"	133	5	4	34.4090551476676	6.14254043405803e-07
"negative regulation of DNA-dependent DNA replication initiation"	133	5	4	41.4571569603262	2.16134483884302e-08
"L-alanine transport"	133	5	4	46.0229737436324	2.43588782670147e-09
"threonine transport"	133	5	4	60.2167447064796	2.61202492311655e-12
"D-galactonate catabolic process"	133	5	4	32.1318735566182	1.79797000812251e-06
"pyrimidine deoxyribonucleoside diphosphate biosynthetic process"	133	5	4	45.0105001936336	3.95602425408299e-09
"dTDP biosynthetic process"	133	5	4	44.5185764070852	5.00622520136266e-09
"dTDP metabolic process"	133	5	4	44.5185764070852	5.00622520136266e-09
"purine deoxyribonucleoside triphosphate catabolic process"	133	5	4	36.8439916851931	1.93964707898563e-07
"purine deoxyribonucleotide catabolic process"	133	5	4	36.8439916851931	1.93964707898563e-07
"purine deoxyribonucleotide metabolic process"	133	5	4	31.2223256863284	2.75777072381513e-06
"arginine:ornithine antiporter activity"	133	5	4	64.6895290159794	2.99140290004599e-13
"leucine transport"	133	5	4	48.1379788796948	8.83298572719433e-10
"L-methionine biosynthetic process from L-homoserine via cystathionine"	133	5	4	34.967093355302	4.71821212561174e-07
"homoserine biosynthetic process"	133	5	4	31.1195352226744	2.89422989154497e-06
"L-methionine biosynthetic process from homoserine via O-succinyl-L-homoserine and cystathionine"	133	5	4	27.4035089206255	1.64730042564799e-05
"maturation of SSU-rRNA from tricistronic rRNA transcript (SSU-rRNA, 5.8S rRNA, LSU-rRNA)"	133	5	4	28.7625993217178	8.73522202322951e-06
"proline:sodium symporter activity"	133	5	4	46.0659302461258	2.38625967033452e-09
"lysophospholipid:sodium symporter activity"	133	5	4	31.3962856799575	2.5412732222441e-06
"tRNA 3-trailer cleavage, endonucleolytic"	133	5	4	36.3353331199484	2.46860673626904e-07
"L-arabinose transmembrane transport"	133	5	4	34.4067962251029	6.14910058352727e-07
"isoleucine transmembrane transport"	133	5	4	52.7940132316556	9.41084894580279e-11
"L-isoleucine import across plasma membrane"	133	5	4	42.3542055468102	1.40865918670959e-08
"homoserine transport"	133	5	4	21.5529975187861	0.00024594740531698
"L-lysine catabolic process to acetate"	133	5	4	39.665299321068	5.07614712901576e-08
"ubiquitin-dependent protein catabolic process via the N-end rule pathway"	133	5	4	43.2500859694672	9.18232317396082e-09
"glutamate catabolic process via 2-hydroxyglutarate"	133	5	4	12.4831595109939	0.0140977456885059
"acetyl-CoA transport"	133	5	4	57.020223638402	1.22514252219491e-11
"NAD salvage"	133	5	4	85.6976131500734	1.07884120657756e-17
"sodium:dicarboxylate symporter activity"	133	5	4	31.0322641891078	3.01535048155145e-06
"dGTP catabolic process"	133	5	4	42.433738447859	1.35616843349211e-08
"dGTP metabolic process"	133	5	4	37.0987356037307	1.71887635866815e-07
"L-phenylalanine biosynthetic process from chorismate via phenylpyruvate"	133	5	4	42.9806949806949	1.04437588768966e-08
"tRNA seleno-modification"	133	5	4	48.5458711073846	7.26195777484211e-10
"dUTP biosynthetic process"	133	5	4	50.4017897444466	2.976504493679e-10
"D-glucarate catabolic process"	133	5	4	30.3464615782889	4.16050817341082e-06
"tRNA splicing, via endonucleolytic cleavage and ligation"	133	5	4	42.7403716302166	1.17142857791684e-08
"amino acid export across plasma membrane"	133	5	4	30.1575045961754	4.54604183150251e-06
"bacterial transcription"	133	5	4	15.8913468947448	0.00316847954274581
"L-arginine import across plasma membrane"	133	5	4	42.9653759902635	1.05204757790159e-08
"L-arginine transmembrane transport"	133	5	4	37.1118677350517	1.70820061822478e-07
"L-arginine transport"	133	5	4	39.3093840747699	6.01304464917928e-08
"L-ornithine import across plasma membrane"	133	5	4	42.6911166454431	1.19931431555478e-08
"L-ornithine transmembrane transport"	133	5	4	61.4487595838262	1.43868109540143e-12
"cGMP biosynthetic process"	133	5	4	58.2874642890363	6.64102277430187e-12
"cGMP metabolic process"	133	5	4	58.2874642890363	6.64102277430187e-12
"ferric-hydroxamate import into cell"	133	5	4	20.3194444444448	0.000431859110480177
"ferrichrome import into cell"	133	5	4	20.3194444444448	0.000431859110480177
"L-kynurenine catabolic process"	133	5	4	44.5737057976897	4.87588626635887e-09
"L-histidine transmembrane transport"	133	5	4	40.6901517923538	3.11561300330837e-08
"tRNA wobble position uridine thiolation"	133	5	4	31.5522797129446	2.36157396665009e-06
"CTP salvage"	133	5	4	37.7951063135218	1.23508434268655e-07
"2-keto-3-deoxygluconate transmembrane transport"	133	5	4	44.8017300639925	4.37179549790558e-09
"2-keto-3-deoxygluconate:proton symporter activity"	133	5	4	44.8017300639925	4.37179549790558e-09
"putrescine biosynthetic process from ornithine"	133	5	4	37.2586417182846	1.59328703903929e-07
"glutamate:sodium symporter activity"	133	5	4	30.9931323812089	3.0712867695167e-06
"cysteine export across plasma membrane"	133	5	4	30.1963439034741	4.46399599722997e-06
"ribosome-associated ubiquitin-dependent protein catabolic process"	133	5	4	31.1859619282778	2.80529686130762e-06
"L-aspartate transmembrane transport"	133	5	4	34.6709673436808	5.42734552048828e-07
"L-valine import across plasma membrane"	133	5	4	27.1296966105093	1.87140247248504e-05
"NADP catabolic process"	133	5	4	26.6924930042496	2.29370245155838e-05
"acetate transmembrane transport"	133	5	4	36.1500055657825	2.69519778459896e-07
"glycolate transmembrane transport"	133	5	4	36.3862968291989	2.40969599959451e-07
"fumarate transport"	133	5	4	27.4293046591637	1.62761685015728e-05
"malate transmembrane transport"	133	5	4	24.5920096497772	6.07622880425311e-05
"malate transport"	133	5	4	24.5920096497772	6.07622880425311e-05
"malate:proton symporter activity"	133	5	4	17.8255341311586	0.00133484041089268
"succinate transmembrane transport"	133	5	4	27.4293046591637	1.62761685015728e-05
"succinate transport"	133	5	4	41.9297744697314	1.72502001384642e-08
"high-affinity tryptophan transmembrane transporter activity"	133	5	4	18.0212188821043	0.0012223696520911
"de novo NAD biosynthetic process from aspartate"	133	5	4	47.8199662511846	1.0289628603158e-09
"nicotinamide nucleotide biosynthetic process from aspartate"	133	5	4	47.8199662511846	1.0289628603158e-09
"guanosine-containing compound catabolic process"	133	5	4	105.667560219926	6.10429785280447e-22
"mitochondrial ATP synthesis coupled proton transport"	133	5	4	96.4426386387763	5.6221232195714e-20
"purine ribonucleotide catabolic process"	133	5	4	102.766492515955	2.53356526700729e-21
"D-serine catabolic process"	133	5	4	42.966223316589	1.05162177485906e-08
"cellular manganese ion homeostasis"	133	5	4	55.0339526400432	3.19618935358764e-11
"pyrimidine deoxyribonucleoside triphosphate catabolic process"	133	5	4	24.2453961791287	7.13185083470244e-05
"pyrimidine deoxyribonucleotide catabolic process"	133	5	4	24.2453961791287	7.13185083470244e-05
"pyrimidine ribonucleoside triphosphate catabolic process"	133	5	4	28.7165461917376	8.92531619313184e-06
"pyrimidine ribonucleotide catabolic process"	133	5	4	25.3148241816963	4.34834693830791e-05
"positive regulation of proline catabolic process to glutamate"	133	5	4	32.570707223212	1.46230868404356e-06
"XMP biosynthetic process"	133	5	4	54.9238761406373	3.3705153010638e-11
"XMP metabolic process"	133	5	4	54.9238761406373	3.3705153010638e-11
"XMP salvage"	133	5	4	54.9238761406373	3.3705153010638e-11
"UTP metabolic process"	133	5	4	38.227565050082	1.00573478504312e-07
"hypoxanthine salvage"	133	5	4	44.775253158653	4.42754990172477e-09
"guanosine pentaphosphate catabolic process"	133	5	4	46.467435274126	1.9685419741887e-09
"guanosine pentaphosphate metabolic process"	133	5	4	46.467435274126	1.9685419741887e-09
"purine ribonucleoside bisphosphate catabolic process"	133	5	4	46.467435274126	1.9685419741887e-09
"lactose:proton symporter activity"	133	5	4	39.9315555555555	4.47181535101864e-08
"S-adenosylmethioninamine biosynthetic process"	133	5	4	52.6743721742972	9.96917506531411e-11
"retinoic acid biosynthetic process"	133	5	4	122.374895924498	1.66085501780639e-25
"iron ion import across cell outer membrane"	133	5	4	22.276945743919	0.000176517085014821
"UTP biosynthetic process"	133	5	4	38.1585800253338	1.03924508997555e-07
"SRP-dependent cotranslational protein targeting to membrane, translocation"	133	5	4	24.3398904119759	6.82722035027467e-05
"tRNA methylthiolation"	133	5	4	59.6877241894764	3.37399260410203e-12
"peptidyl-tyrosine autophosphorylation"	133	5	4	42.9570750961682	1.0562280971913e-08
"positive regulation of plasminogen activation"	133	5	4	20.6236698777699	0.000375975934158674
"isopentenyl diphosphate biosynthetic process, mevalonate pathway"	133	5	4	27.7548059385802	1.39845209458636e-05
"p-aminobenzoyl-glutamate transmembrane transport"	133	5	4	35.5762034017055	3.53678361687556e-07
"protoporphyrinogen IX biosynthetic process from glutamate"	133	5	4	36.9165361700943	1.87404583144044e-07
"tetrapyrrole biosynthetic process from glutamate"	133	5	4	36.9165361700943	1.87404583144044e-07
"cytosolic valyl-tRNA aminoacylation"	133	5	4	93.2487561597298	2.68608155784632e-19
"positive regulation of blood vessel endothelial cell migration"	133	5	4	102.369218626799	3.07857014374887e-21
"D-galacturonate catabolic process"	133	5	4	26.705948196483	2.27939154629894e-05
"negative regulation of complement activation, classical pathway"	133	5	4	10.0833333333342	0.0390470966663205
"negative regulation of humoral immune response mediated by circulating immunoglobulin"	133	5	4	10.0833333333342	0.0390470966663205
"regulation of complement activation, classical pathway"	133	5	4	10.0833333333342	0.0390470966663205
"tRNA nucleoside ribose methylation"	133	5	4	45.4783361621678	3.16206122552263e-09
"wobble position ribose methylation"	133	5	4	33.4922224724593	9.47020752943142e-07
"iron import into the mitochondrion"	133	5	4	5.10425685425573	0.276766400975415
"purine ribonucleotide interconversion"	133	5	4	94.5614487241302	1.41258986647143e-19
"negative regulation of DNA-templated transcription, termination"	133	5	4	28.6870805498114	9.04909578555661e-06
"tRNA wobble guanine modification"	133	5	4	66.6844738994625	1.13626350697537e-13
"cysteine biosynthetic process via cystathionine"	133	5	4	67.4991557487171	7.65057533342819e-14
"negative regulation of phosphate transmembrane transport"	133	5	4	64.5427839796088	3.21205894516511e-13
"2-methylthio-N-6-(cis-hydroxy)isopentenyl adenosine-tRNA biosynthesis"	133	5	4	73.873912006677	3.44783370076981e-15
"malonic acid transmembrane transport"	133	5	4	51.9677665570692	1.4010296401784e-10
"sodium:malonate symporter activity"	133	5	4	51.9677665570692	1.4010296401784e-10
"3-phosphoadenosine 5-phosphosulfate metabolic process"	133	5	4	28.083299582593	1.19973257734927e-05
"transsulfuration"	133	5	4	68.3560691495572	5.04591294201782e-14
"suppression by symbiont of host innate immune response"	133	5	4	31.8005554164943	2.10131408534334e-06
"suppression by virus of host innate immune response"	133	5	4	32.3810114505084	1.5989738366658e-06
"neutral amino acid:sodium symporter activity"	133	5	4	62.8434443041968	7.3207493413685e-13
"negative regulation of transcription by RNA polymerase II"	133	5	4	29.5847095162869	5.94578013350235e-06
"D-serine transport"	133	5	4	50.7538216682646	2.51287906505169e-10
"mitochondrial tRNA processing"	133	5	4	10.0991211449328	0.0387906928661296
"histone H3 deacetylation"	133	5	4	57.4648790165622	9.88304138355528e-12
"D-glucuronate catabolic process"	133	5	4	20.6636935312593	0.000369178715979588
"double-stranded DNA helicase activity"	133	5	4	33.4784297441018	9.53203753783962e-07
"transcription by RNA polymerase III"	133	5	4	33.0368535961052	1.17390646568774e-06
"ubiquitin-dependent ERAD pathway"	133	5	4	33.6801816912027	8.66639605755896e-07
"high-affinity L-histidine transmembrane transporter activity"	133	5	4	21.3478313132814	0.000270143101240409
"histidine transport"	133	5	4	23.1379199587315	0.000118840333806233
"L-histidine import across plasma membrane"	133	5	4	21.3478313132814	0.000270143101240409
"positive regulation of DNA-binding transcription factor activity"	133	5	4	93.3302728848486	2.58100940052526e-19
"bacterial cellulose biosynthetic process"	133	5	4	34.1073713142232	7.08344130263511e-07
"prostaglandin metabolic process"	133	5	4	41.2592937886029	2.37524066425315e-08
"high-affinity sulfate:proton symporter activity"	133	5	4	51.9677665570692	1.4010296401784e-10
"internal peptidyl-lysine acetylation"	133	5	4	57.383195933901	1.0280894378356e-11
"ferric-enterobactin import into cell"	133	5	4	23.0300435021269	0.000124888141639076
"threonine efflux transmembrane transporter activity"	133	5	4	36.4505260534141	2.33744352402199e-07
"carnitine transmembrane transport"	133	5	4	31.5740907696297	2.33747819560823e-06
"L-lysine transport"	133	5	4	50.0269137696573	3.56444378883672e-10
"lysine biosynthetic process via diaminopimelate and N-succinyl-2-amino-6-ketopimelate"	133	5	4	34.6853918722609	5.39046239311403e-07
"N-terminal peptidyl-serine acetylation"	133	5	4	53.2418038272742	7.58450166907215e-11
"regulation of protein histidine kinase activity"	133	5	4	28.7219100770911	8.90296548849953e-06
"L-alanine biosynthetic process"	133	5	4	55.516569645091	2.53217114259713e-11
"L-alanine biosynthetic process from pyruvate"	133	5	4	55.516569645091	2.53217114259713e-11
"short-chain fatty acid transport"	133	5	4	35.5686069859861	3.54952488200446e-07
"putrescine:ornithine antiporter activity"	133	5	4	53.2714466860532	7.47692745640953e-11
"lysine biosynthetic process via diaminopimelate, diaminopimelate-aminotransferase pathway"	133	5	4	51.1824233212249	2.04463653832164e-10
"rRNA 3-end processing"	133	5	4	10.4856218861987	0.0329956220819598
"zinc efflux active transmembrane transporter activity"	133	5	4	13.028759782567	0.0111361201333318
"DNA negative supercoiling activity"	133	5	4	51.7861164912951	1.5290717926214e-10
"actin filament capping"	133	5	4	29.8392938355985	5.27731603517587e-06
"barbed-end actin filament capping"	133	5	4	32.3317143002109	1.63652610972278e-06
"negative regulation of actin filament depolymerization"	133	5	4	33.5457711668003	9.2339238896841e-07
"negative regulation of actin filament polymerization"	133	5	4	29.7243473346045	5.56932661078891e-06
"regulation of actin filament depolymerization"	133	5	4	32.4068607459432	1.57962738858253e-06
"positive regulation of DNA-templated transcription, initiation"	133	5	4	23.6079545083885	9.57067806767147e-05
"leucine import across plasma membrane"	133	5	4	28.8381741023976	8.43196353884191e-06
"negative regulation of DNA-templated transcription, initiation"	133	5	4	35.8786541489541	3.06488219864915e-07
"positive regulation of transcription by RNA polymerase II"	133	5	4	20.5042116350478	0.000397009430714741
"dATP catabolic process"	133	5	4	35.863411322386	3.08708739115026e-07
"dATP metabolic process"	133	5	4	31.6117390568386	2.29646097554948e-06
"dTTP catabolic process"	133	5	4	35.863411322386	3.08708739115026e-07
"dUTP catabolic process"	133	5	4	26.9187188261157	2.06454108540246e-05
"NAD catabolic process"	133	5	4	41.2592937886029	2.37524066425315e-08
"TTP catabolic process"	133	5	4	35.863411322386	3.08708739115026e-07
"TTP metabolic process"	133	5	4	35.863411322386	3.08708739115026e-07
"UTP catabolic process"	133	5	4	35.863411322386	3.08708739115026e-07
"tryptophan catabolic process to acetyl-CoA"	133	5	4	5.04097250141768	0.283119238892824
"9-cis-retinoic acid metabolic process"	133	5	4	122.373931066292	1.66164356533897e-25
"L-lysine transmembrane transport"	133	5	4	40.3548286652264	3.65538587961402e-08
"9-cis-retinoic acid biosynthetic process"	133	5	4	122.375378359306	1.66046087968252e-25
"L-lysine efflux transmembrane transporter activity"	133	5	4	45.4685542189356	3.17690998733031e-09
"histone lysine methylation"	133	5	4	43.2184726020007	9.32210111320027e-09
"carbon catabolite activation of transcription"	133	5	4	120.263686240901	4.69180372849724e-25
"carbon catabolite regulation of transcription"	133	5	4	115.730186889738	4.35880118053824e-24
"peptidyl-serine autophosphorylation"	133	5	4	11.9072747038162	0.0180542806129114
"calcium:proton antiporter activity"	133	5	4	53.3796123474516	7.09715632704805e-11
"negative regulation of NF-kappaB transcription factor activity"	133	5	4	104.939982098473	8.72333464463615e-22
"positive regulation of NF-kappaB transcription factor activity"	133	5	4	102.396090286369	3.03826568574985e-21
"tRNA guanine ribose methylation"	133	5	4	55.3978927158886	2.68142957233104e-11
"hexose:proton symporter activity"	133	5	4	13.7874213127595	0.00800535702383442
"uridine catabolic process"	133	5	4	19.5200484146489	0.000620995698465141
"chromatin silencing"	133	5	4	17.3038286272548	0.00168707664541939
"cyclic threonylcarbamoyladenosine biosynthetic process"	133	5	4	51.9677665570692	1.4010296401784e-10
"histone H3-K27 methylation"	133	5	4	13.4965403738689	0.0090879986080371
"cysteine catabolic process"	133	5	4	56.721507569176	1.41529942378563e-11
"tRNA 4-thiouridine biosynthesis"	133	5	4	36.8893292126492	1.89838545380967e-07
"wobble position cytosine ribose methylation"	133	5	4	42.694484515169	1.19738667466804e-08
"wobble position uridine ribose methylation"	133	5	4	42.694484515169	1.19738667466804e-08
"glutamate catabolic process via L-citramalate"	133	5	4	35.9694935710878	2.93581389476894e-07
"N-terminal peptidyl-alanine acetylation"	133	5	4	20.3194444444448	0.000431859110480177
"D-serine transmembrane transporter activity"	133	5	4	32.4419230807939	1.55375775284039e-06
"replication fork arrest"	133	5	4	20.3194444444448	0.000431859110480177
"replication fork protection"	133	5	4	13.8937469458933	0.00764200790551099
"negative regulation of transcription by competitive promoter binding"	133	5	4	3.41892386834671	0.49031272985081
"positive regulation of DNA-dependent DNA replication initiation"	133	5	4	30.7106480589074	3.50692646039448e-06
"Arp2/3 complex-mediated actin nucleation"	133	5	4	4.99153783877585	0.288166868433664
"ATPase-coupled cysteine transmembrane transporter activity"	133	5	4	51.9689870593486	1.40020658657373e-10
"adenosine catabolic process"	133	5	4	42.8289514831712	1.12289704270403e-08
"regulation of protein serine/threonine kinase activity"	133	5	4	16.7101649824406	0.0022002974710207
"inosine biosynthetic process"	133	5	4	42.8289514831712	1.12289704270403e-08
"negative regulation of protein kinase activity"	133	5	4	12.0894447860578	0.0166983786136366
"glycolytic process through glucose-6-phosphate"	133	5	4	100.927966095312	6.24128512019209e-21
"mitotic DNA replication checkpoint"	133	5	4	13.5926931155741	0.00871515927821145
"mitotic G2/M transition checkpoint"	133	5	4	13.5926931155741	0.00871515927821145
"protein targeting to peroxisome"	133	5	4	100.012357578325	9.77721757296738e-21
"cytochrome c-heme linkage via heme-L-cysteine"	133	5	4	23.37186487861	0.000106705405338959
"zinc ion import across plasma membrane"	133	5	4	42.9653759902635	1.05204757790159e-08
"suppression by virus of host type I interferon-mediated signaling pathway"	133	5	4	15.7130977082476	0.0034293254970242
"L-galactonate catabolic process"	133	5	4	17.5265399583972	0.00152670632004284
"suppression by virus of host MDA-5 activity"	133	5	4	6.59898222753391	0.158659569619762
"suppression by virus of host MDA-5 signaling pathway"	133	5	4	6.59898222753391	0.158659569619762
"suppression by virus of host STAT1 activity"	133	5	4	6.01477516772907	0.198047568895792
"suppression by virus of host viral-induced cytoplasmic pattern recognition receptor signaling pathway"	133	5	4	9.64895924244235	0.0467748337455394
"posttranslational protein targeting to endoplasmic reticulum membrane"	133	5	4	13.9965299240174	0.00730613901265353
"putrescine biosynthetic process from arginine via N-carbamoylputrescine"	133	5	4	41.2592937886029	2.37524066425315e-08
"endonucleolytic cleavage of tricistronic rRNA transcript (SSU-rRNA, 5.8S rRNA, LSU-rRNA)"	133	5	4	19.4147938102144	0.000651350861662785
"GMP salvage"	133	5	4	36.3290206250786	2.47600280028311e-07
"guanine salvage"	133	5	4	36.3290206250786	2.47600280028311e-07
"mitochondrial tRNA modification"	133	5	4	5.67810130524931	0.22451212991237
"arabinose:proton symporter activity"	133	5	4	5.42813852813927	0.246118746083361
"aspartate biosynthetic process"	133	5	4	30.7106480589074	3.50692646039448e-06
"fucose:proton symporter activity"	133	5	4	5.42813852813927	0.246118746083361
"galactose:proton symporter activity"	133	5	4	5.42813852813927	0.246118746083361
"tyrosine biosynthetic process from chorismate via 4-hydroxyphenylpyruvate"	133	5	4	30.7106480589074	3.50692646039448e-06
"cellular zinc ion homeostasis"	133	5	4	22.0934218132689	0.000192018422933169
"pyrimidine ribonucleoside monophosphate catabolic process"	133	5	4	6.01477516772907	0.198047568895792
"UMP catabolic process"	133	5	4	6.01477516772907	0.198047568895792
"oxidative DNA demethylation"	133	5	4	30.4349830713578	3.9912697224846e-06
"histone acetylation"	133	5	4	71.9246552278897	8.9026412495595e-15
"mitochondrial tRNA 3-end processing"	133	5	4	2.85007991076695	0.583219329670597
"mitochondrial tRNA 5-end processing"	133	5	4	2.85007991076695	0.583219329670597
"mitochondrial tRNA methylation"	133	5	4	2.85007991076695	0.583219329670597
"intracellular pH elevation"	133	5	4	15.1739645531014	0.00435367523558888
"tRNA export from nucleus"	133	5	4	13.3373500545255	0.00973983429574574
"oxidative single-stranded DNA demethylation"	133	5	4	30.3371198565035	4.17877959544557e-06
"peptidyl-lysine hydroxylation involved in bacterial-type EF-P lysine modification"	133	5	4	19.0272619299251	0.000776310209946487
"galactosylceramide catabolic process"	133	5	4	64.468588207275	3.32974059981775e-13
"intraciliary transport"	133	5	4	5.8854328562066	0.207869147958799
"positive regulation of glycogen catabolic process"	133	5	4	118.359373527796	1.19684668319888e-24
"positive regulation of MAPK cascade"	133	5	4	22.7444471575216	0.000142414369773082
"activation of MAPK activity"	133	5	4	30.3683771121235	4.1179552946767e-06
"ERK1 and ERK2 cascade"	133	5	4	2.49193020719766	0.646081395095735
"positive regulation of MAP kinase activity"	133	5	4	26.9582760498196	2.02687722652379e-05
"positive regulation of protein serine/threonine kinase activity"	133	5	4	21.8255362052832	0.000217098947753263
"regulation of MAP kinase activity"	133	5	4	25.9304376380973	3.26832138210784e-05
"negative regulation of phosphoprotein phosphatase activity"	133	5	4	4.58301310584977	0.332817437811287
"mRNA splicing, via spliceosome"	133	5	4	13.3094914228374	0.00985851331165803
"RNA splicing, via transesterification reactions with bulged adenosine as nucleophile"	133	5	4	13.3094914228374	0.00985851331165803
"methionine catabolic process"	133	5	4	116.974712743507	2.36422353285848e-24
"nuclear-transcribed mRNA catabolic process, nonsense-mediated decay"	133	5	4	18.0127785527166	0.0012270216610327
"lactate fermentation to propionate and acetate"	133	5	4	21.032767004286	0.000311967098803598
"regulation of cyclin-dependent protein kinase activity"	133	5	4	17.5489108284732	0.00151145423508632
"regulation of cyclin-dependent protein serine/threonine kinase activity"	133	5	4	17.4909980215623	0.00155125116214368
"negative regulation of cyclin-dependent protein kinase activity"	133	5	4	26.5604960149206	2.43891869120744e-05
"negative regulation of cyclin-dependent protein serine/threonine kinase activity"	133	5	4	31.5489934912438	2.36522580334831e-06
"negative regulation of protein serine/threonine kinase activity"	133	5	4	12.1624527269364	0.0161832381323948
"positive regulation of peptidyl-threonine phosphorylation"	133	5	4	6.31160805584821	0.177054424643288
"canonical glycolysis"	133	5	4	97.9514014988124	2.68461683703338e-20
"regulation of cysteine-type endopeptidase activity involved in apoptotic process"	133	5	4	82.5266295988679	5.07614050029738e-17
"negative regulation of cysteine-type endopeptidase activity"	133	5	4	99.2172824878101	1.44366201762809e-20
"negative regulation of cysteine-type endopeptidase activity involved in apoptotic process"	133	5	4	99.2915804348066	1.39203646064754e-20
"(R)-carnitine transport"	133	5	4	19.3013691308017	0.00068570682055753
"GMP catabolic process"	133	5	4	122.388888078444	1.64946164226343e-25
"purine ribonucleoside monophosphate catabolic process"	133	5	4	118.868032308736	9.32000624032766e-25
"histone lysine demethylation"	133	5	4	18.1615920552918	0.00114750667721345
"dAMP biosynthetic process"	133	5	4	26.3166557724384	2.73163566074513e-05
"dAMP metabolic process"	133	5	4	26.3166557724384	2.73163566074513e-05
"purine deoxyribonucleoside monophosphate biosynthetic process"	133	5	4	26.3166557724384	2.73163566074513e-05
"purine deoxyribonucleotide biosynthetic process"	133	5	4	21.5665380038114	0.000244428345418816
"histone H3-K36 demethylation"	133	5	4	12.7182388942289	0.0127378275944274
"L-methylmalonyl-CoA metabolic process"	133	5	4	13.9502272157409	0.00745561593492011
"disruption of host cell glycocalyx during viral entry"	133	5	4	4.94428411713212	0.293062217198627
"peptidyl-arginine N-methylation"	133	5	4	38.6827405283387	8.10083575582783e-08
"positive regulation of proteasomal protein catabolic process"	133	5	4	19.0622154266967	0.000764128799872976
"modulation by virus of host transcription"	133	5	4	53.4920207239435	6.72288730055622e-11
"protein import into mitochondrial matrix"	133	5	4	7.34420920318399	0.118778487835355
"suppression by virus of host transcription"	133	5	4	53.4920207239435	6.72288730055622e-11
"transcriptional attenuation by ribosome"	133	5	4	2.9896157468336	0.559564681607989
"peptidyl-arginine omega-N-methylation"	133	5	4	41.7357940458574	1.89231962814877e-08
"modulation by virus of host protein ubiquitination"	133	5	4	28.5376600384237	9.70357171214293e-06
"peptidyl-arginine methylation, to symmetrical-dimethyl arginine"	133	5	4	36.2199094747344	2.60739151830503e-07
"gene silencing by miRNA"	133	5	4	120.313576770573	4.57808050955488e-25
"miRNA mediated inhibition of translation"	133	5	4	118.396622857056	1.17512568271731e-24
"positive regulation of nuclear-transcribed mRNA catabolic process, deadenylation-dependent decay"	133	5	4	120.313576770573	4.57808050955488e-25
"positive regulation of nuclear-transcribed mRNA poly(A) tail shortening"	133	5	4	120.313576770573	4.57808050955488e-25
"inosine catabolic process"	133	5	4	35.6406729302175	3.43046972514512e-07
"deoxyguanosine catabolic process"	133	5	4	26.130780478322	2.9780014250095e-05
"deoxyinosine catabolic process"	133	5	4	26.130780478322	2.9780014250095e-05
"glutathione transmembrane import into vacuole"	133	5	4	7.23361096851935	0.1240460424824
"guanosine catabolic process"	133	5	4	35.5240557830775	3.62517583638625e-07
"guanosine metabolic process"	133	5	4	35.5240557830775	3.62517583638625e-07
"L-lysine catabolic process to acetyl-CoA via L-pipecolate"	133	5	4	1.48997113997209	0.828416456947361
"phytochelatin 2 import into vacuole"	133	5	4	7.23361096851935	0.1240460424824
"xanthosine catabolic process"	133	5	4	32.1881302989739	1.75098194931239e-06
"replication-born double-strand break repair via sister chromatid exchange"	133	5	4	41.2604958774002	2.37387943160705e-08
"3,5-cyclic diguanylic acid metabolic process"	133	5	4	11.1399734260016	0.025035138451934
"postsynaptic neurotransmitter receptor diffusion trapping"	133	5	4	4.1036975377493	0.392153784720877
"plasma membrane acetate transport"	133	5	4	13.6476611601001	0.0085087834545226
"reverse transcription involved in RNA-mediated transposition"	133	5	4	12.7749621860448	0.0124293549475429
"L-methionine secondary active transmembrane transporter activity"	133	5	4	30.7106480589074	3.50692646039448e-06
"tRNA wobble base lysidine biosynthesis"	133	5	4	30.7106480589074	3.50692646039448e-06
"positive regulation of stress-activated MAPK cascade"	133	5	4	29.904449279374	5.11861663273414e-06
"protein targeting to mitochondrion"	133	5	4	25.2183916736149	4.54703493035563e-05
"regulation of stress-activated MAPK cascade"	133	5	4	25.2425106440801	4.49651029961651e-05
"inward rectifier potassium channel activity"	133	5	4	20.357208819814	0.000424498205673485
"endonucleolytic cleavage in 5-ETS of tricistronic rRNA transcript (SSU-rRNA, 5.8S rRNA, LSU-rRNA)"	133	5	4	16.0754411657726	0.00291958560698891
"endonucleolytic cleavage in ITS1 to separate SSU-rRNA from 5.8S rRNA and LSU-rRNA from tricistronic rRNA transcript (SSU-rRNA, 5.8S rRNA, LSU-rRNA)"	133	5	4	17.1313651358894	0.00182258290281923
"endonucleolytic cleavage to generate mature 5-end of SSU-rRNA from (SSU-rRNA, 5.8S rRNA, LSU-rRNA)"	133	5	4	16.0754411657726	0.00291958560698891
"positive regulation of peptidyl-serine phosphorylation"	133	5	4	51.9689870593486	1.40020658657373e-10
"protein polyubiquitination"	133	5	4	36.8288731425934	1.95360429357119e-07
"(R)-carnitine transmembrane transport"	133	5	4	5.22420634920548	0.265056312635735
"negative regulation of protein ubiquitination"	133	5	4	9.98271915518698	0.0407197837804451
"peptidyl-diphthamide biosynthetic process from peptidyl-histidine"	133	5	4	2.84704992283481	0.583738666353259
"histone H2A acetylation"	133	5	4	6.0247351575527	0.197308636585083
"histone H4 acetylation"	133	5	4	4.5961668520115	0.331296376733073
"L-idonate transmembrane transport"	133	5	4	13.2232270216385	0.0102350381103381
"induction by virus of catabolism of host mRNA"	133	5	4	21.7222836407075	0.000227610628985449
"intra-S DNA damage checkpoint"	133	5	4	25.4823459297193	4.02348785419266e-05
"suppression by virus of host ISG15 activity"	133	5	4	21.7222836407075	0.000227610628985449
"suppression by virus of host NF-kappaB transcription factor activity"	133	5	4	21.7222836407075	0.000227610628985449
"glycine biosynthetic process, by transamination of glyoxylate"	133	5	4	18.0212188821043	0.0012223696520911
"intraciliary retrograde transport"	133	5	4	5.8854328562066	0.207869147958799
"disruption by virus of host cell wall peptidoglycan during virus entry"	133	5	4	20.3194444444448	0.000431859110480177
"intraciliary anterograde transport"	133	5	4	10.0833333333342	0.0390470966663205
"mRNA cis splicing, via spliceosome"	133	5	4	5.10425685425573	0.276766400975415
"negative regulation of barbed-end actin filament capping"	133	5	4	5.04097250141768	0.283119238892824
"positive regulation of actin filament depolymerization"	133	5	4	3.03975560623986	0.551194579352197
"regulation of barbed-end actin filament capping"	133	5	4	5.04097250141768	0.283119238892824
"tRNA aminoacylation for mitochondrial protein translation"	133	5	4	36.6882336683416	2.08833511003847e-07
"butyrate catabolic process"	133	5	4	59.7049858141678	3.34593361845302e-12
"cAMP catabolic process"	133	5	4	27.3816414679293	1.66417181267806e-05
"glutaminyl-tRNAGln biosynthesis via transamidation"	133	5	4	22.0536433697537	0.000195552359886203
"nuclear protein quality control by the ubiquitin-proteasome system"	133	5	4	10.3121014473356	0.0354860624010416
"ncRNA transcription"	133	5	4	9.86747718729104	0.0427201691408583
"negative regulation of septation initiation signaling"	133	5	4	4.36616161616209	0.358713495170709
"nucleolar large rRNA transcription by RNA polymerase I"	133	5	4	4.36616161616209	0.358713495170709
"rRNA transcription"	133	5	4	6.02000948967951	0.197658927848406
"transcription by RNA polymerase I"	133	5	4	4.94428411713212	0.293062217198627
"negative regulation of proteasomal protein catabolic process"	133	5	4	7.0091554026918	0.135405194562857
"protein import into mitochondrial intermembrane space"	133	5	4	22.3809106020304	0.000168293343684597
"7-methylguanosine mRNA capping"	133	5	4	19.1381644362333	0.000738308166348958
"H4 histone acetyltransferase activity"	133	5	4	7.2041050459641	0.12548737559274
"histone H3 acetylation"	133	5	4	6.59898222753391	0.158659569619762
"negative regulation of microtubule depolymerization"	133	5	4	5.10425685425573	0.276766400975415
"regulation of cytosolic calcium ion concentration"	133	5	4	37.2581839167624	1.5936332015615e-07
"suppression by virus of host IRF3 activity"	133	5	4	21.7222836407075	0.000227610628985449
"intracellular pH reduction"	133	5	4	38.4251678592512	9.15593398084037e-08
"RNA 5-cap (guanine-N7)-methylation"	133	5	4	16.0318812651082	0.00297668075302111
"glucosylceramide catabolic process"	133	5	4	30.7106480589074	3.50692646039448e-06
"pantothenate import across plasma membrane"	133	5	4	41.2592937886029	2.37524066425315e-08
"positive regulation of actin nucleation"	133	5	4	8.95071484760333	0.0623432503239603
"positive regulation of Arp2/3 complex-mediated actin nucleation"	133	5	4	5.10425685425573	0.276766400975415
"regulation of actin nucleation"	133	5	4	7.71902278949908	0.102430219464981
"regulation of Arp2/3 complex-mediated actin nucleation"	133	5	4	3.05669179889152	0.548383398036445
"transcription by RNA polymerase II"	133	5	4	24.5423804126137	6.2172693213365e-05
"cytoplasmic sequestering of NF-kappaB"	133	5	4	2.16666666666754	0.705136302305552
"cytoplasmic sequestering of transcription factor"	133	5	4	5.10425685425573	0.276766400975415
"D-serine biosynthetic process"	133	5	4	41.2604958774002	2.37387943160705e-08
"positive regulation of extrinsic apoptotic signaling pathway via death domain receptors"	133	5	4	4.96782988004404	0.290614307187756
"positive regulation of transcription from RNA polymerase II promoter in response to stress"	133	5	4	10.6691582728565	0.0305449545905623
"positive regulation of transcription from RNA polymerase II promoter involved in cellular response to chemical stimulus"	133	5	4	5.52818892787413	0.237262739635504
"regulation of DNA-templated transcription in response to stress"	133	5	4	11.616934609631	0.0204392077259899
"regulation of transcription from RNA polymerase II promoter in response to stress"	133	5	4	11.616934609631	0.0204392077259899
"vacuolar acidification"	133	5	4	38.2276660393887	1.00568652681574e-07
"2-oxobutyrate biosynthetic process"	133	5	4	32.4419230807939	1.55375775284039e-06
"long-chain fatty acyl-CoA binding"	133	5	4	81.1753134714078	9.81678087365068e-17
"positive regulation of cysteine-type endopeptidase activity"	133	5	4	6.80389832281445	0.146621370293604
"positive regulation of endopeptidase activity"	133	5	4	5.86344689103433	0.20958087414442
"regulation of histone ubiquitination"	133	5	4	7.24384643780015	0.123549632719425
"spindle assembly involved in female meiosis"	133	5	4	7.60338370647139	0.107235971885365
"acetylcholine-gated cation-selective channel activity"	133	5	4	11.031113431992	0.0262165586672043
"deadenylation-dependent decapping of nuclear-transcribed mRNA"	133	5	4	16.1347652977463	0.0028435585553368
"hydroxylysine catabolic process"	133	5	4	101.112431549042	5.70158359040797e-21
"lysine biosynthetic process via aminoadipic acid"	133	5	4	26.209957768581	2.87046612103711e-05
"positive regulation of cysteine-type endopeptidase activity involved in apoptotic process"	133	5	4	6.80389832281445	0.146621370293604
"positive regulation of proteasomal ubiquitin-dependent protein catabolic process"	133	5	4	10.6413898717633	0.0309041198477811
"positive regulation of protein targeting to mitochondrion"	133	5	4	98.3470689309546	2.21146475311163e-20
"positive regulation of ubiquitin-dependent protein catabolic process"	133	5	4	10.6728487104019	0.0304975255649208
"protein import into peroxisome matrix"	133	5	4	21.5900676492523	0.000241810730287618
"protein targeting to chloroplast"	133	5	4	26.1508098438144	2.95042576055409e-05
"regulation of proteasomal ubiquitin-dependent protein catabolic process"	133	5	4	8.38570516805916	0.0784283815939069
"transmitter-gated ion channel activity involved in regulation of postsynaptic membrane potential"	133	5	4	23.1260729871586	0.000119490032189093
"xanthophyll biosynthetic process"	133	5	4	20.3194444444448	0.000431859110480177
"fungal-type cell wall beta-glucan biosynthetic process"	133	5	4	34.1455481509617	6.95685974583309e-07
"negative regulation of alpha-beta T cell differentiation"	133	5	4	2.16666666666754	0.705136302305552
"negative regulation of CD4-positive, alpha-beta T cell activation"	133	5	4	2.16666666666754	0.705136302305552
"negative regulation of CD4-positive, alpha-beta T cell differentiation"	133	5	4	2.16666666666754	0.705136302305552
"negative regulation of glycolytic process"	133	5	4	106.336783845859	4.39548415912804e-22
"negative regulation of pathway-restricted SMAD protein phosphorylation"	133	5	4	2.16666666666754	0.705136302305552
"negative regulation of peptidyl-serine phosphorylation"	133	5	4	2.16666666666754	0.705136302305552
"negative regulation of peptidyl-threonine phosphorylation"	133	5	4	2.16666666666754	0.705136302305552
"negative regulation of T-helper 17 cell differentiation"	133	5	4	2.16666666666754	0.705136302305552
"negative regulation of T-helper cell differentiation"	133	5	4	2.16666666666754	0.705136302305552
"negative regulation of telomere maintenance via telomerase"	133	5	4	20.3194444444448	0.000431859110480177
"negative regulation of ubiquitin-protein transferase activity"	133	5	4	2.16666666666754	0.705136302305552
"positive regulation of ERK1 and ERK2 cascade"	133	5	4	12.8364734844937	0.0121030795666238
"positive regulation of JNK cascade"	133	5	4	16.658549081978	0.00225159306440844
"positive regulation of p38MAPK cascade"	133	5	4	5.10425685425573	0.276766400975415
"regulation of CD4-positive, alpha-beta T cell differentiation"	133	5	4	2.16666666666754	0.705136302305552
"regulation of ERK1 and ERK2 cascade"	133	5	4	31.5489934912438	2.36522580334831e-06
"regulation of JNK cascade"	133	5	4	13.9601023306134	0.00742348732610128
"regulation of p38MAPK cascade"	133	5	4	5.10425685425573	0.276766400975415
"regulation of T-helper 17 cell differentiation"	133	5	4	2.16666666666754	0.705136302305552
"regulation of T-helper cell differentiation"	133	5	4	2.16666666666754	0.705136302305552
"regulation of transcription elongation from RNA polymerase II promoter"	133	5	4	33.8325463425165	8.06498535144877e-07
"activation of cysteine-type endopeptidase activity involved in apoptotic process"	133	5	4	17.3120468507284	0.00168087377672487
"enzyme active site formation via cysteine modification to L-cysteine persulfide"	133	5	4	4.99153783877585	0.288166868433664
"glucuronoxylan catabolic process"	133	5	4	10.0833333333342	0.0390470966663205
"positive regulation of cytosolic calcium ion concentration"	133	5	4	24.8645011413034	5.35662155082521e-05
"regulation of transcription by RNA polymerase I"	133	5	4	0.795173105531325	0.93909400342959
"acetoacetic acid catabolic process"	133	5	4	3.23789840230581	0.518831541118537
"calcium ion transmembrane import into cytosol"	133	5	4	25.4889016814411	4.01127759044149e-05
"calcium ion transport into cytosol"	133	5	4	25.2317710065099	4.51893851533999e-05
"carbon catabolite activation of transcription from RNA polymerase II promoter"	133	5	4	2.16666666666754	0.705136302305552
"carbon catabolite regulation of transcription from RNA polymerase II promoter"	133	5	4	12.8369683751361	0.0121004887014187
"double-strand break repair via break-induced replication"	133	5	4	3.00107879534512	0.55764488277032
"eiF2alpha phosphorylation in response to endoplasmic reticulum stress"	133	5	4	2.55310646406621	0.635152168581867
"fatty-acyl-CoA biosynthetic process"	133	5	4	104.447387407548	1.11081826194867e-21
"fatty-acyl-CoA metabolic process"	133	5	4	98.9871490966766	1.61603142013395e-20
"mitochondrial aspartyl-tRNA aminoacylation"	133	5	4	21.7726018819388	0.000222426380469942
"positive regulation of transcription by RNA polymerase I"	133	5	4	0.795173105531325	0.93909400342959
"regulation of translation initiation in response to endoplasmic reticulum stress"	133	5	4	2.55310646406621	0.635152168581867
"regulation of translational initiation by eIF2 alpha phosphorylation"	133	5	4	3.00212262973063	0.557470246192339
"release of sequestered calcium ion into cytosol"	133	5	4	21.5327497347646	0.00024823641211378
"dCTP catabolic process"	133	5	4	20.3194444444448	0.000431859110480177
"dCTP metabolic process"	133	5	4	20.3194444444448	0.000431859110480177
"DNA methylation on cytosine within a CG sequence"	133	5	4	5.10425685425573	0.276766400975415
"DNA methylation on cytosine within a CHH sequence"	133	5	4	2.16666666666754	0.705136302305552
"mitochondrial alanyl-tRNA aminoacylation"	133	5	4	21.0773709146392	0.000305677444603369
"positive regulation of transcription from RNA polymerase II promoter in response to amino acid starvation"	133	5	4	2.16666666666754	0.705136302305552
"activation of MAPKKK activity"	133	5	4	4.49236142565262	0.343454178268175
"DNA clamp loader activity"	133	5	4	13.2232270216385	0.0102350381103381
"modulation by virus of host PP1 activity"	133	5	4	5.5384920634933	0.23636665850574
"modulation by virus of host protein serine/threonine phosphatase activity"	133	5	4	5.5384920634933	0.23636665850574
"neurotransmitter receptor transport to postsynaptic membrane"	133	5	4	5.5384920634933	0.23636665850574
"neurotransmitter receptor transport, endosome to plasma membrane"	133	5	4	5.5384920634933	0.23636665850574
"neurotransmitter receptor transport, endosome to postsynaptic membrane"	133	5	4	5.5384920634933	0.23636665850574
"reciprocal meiotic recombination"	133	5	4	30.7106480589074	3.50692646039448e-06
"calcium-release channel activity"	133	5	4	22.0233892770148	0.00019828326663692
"CDP metabolic process"	133	5	4	4.96782988004404	0.290614307187756
"dCDP biosynthetic process"	133	5	4	4.96782988004404	0.290614307187756
"dCDP metabolic process"	133	5	4	4.96782988004404	0.290614307187756
"disruption by virus of host envelope lipopolysaccharide during virus entry"	133	5	4	20.3194444444448	0.000431859110480177
"inositol 1,4,5-trisphosphate-sensitive calcium-release channel activity"	133	5	4	5.10425685425573	0.276766400975415
"negative regulation of MAPK cascade"	133	5	4	41.2592937886029	2.37524066425315e-08
"negative regulation of mRNA 3-end processing"	133	5	4	5.10425685425573	0.276766400975415
"negative regulation of mRNA polyadenylation"	133	5	4	5.10425685425573	0.276766400975415
"phosphorylation of RNA polymerase II C-terminal domain"	133	5	4	9.86191751221355	0.0428190202293862
"pointed-end actin filament capping"	133	5	4	4.36616161616209	0.358713495170709
"positive regulation of DNA-templated transcription, elongation"	133	5	4	6.87101945880852	0.142863280440068
"positive regulation of histone H2B ubiquitination"	133	5	4	2.89765567765563	0.57509596187712
"positive regulation of histone phosphorylation"	133	5	4	5.10425685425573	0.276766400975415
"positive regulation of histone ubiquitination"	133	5	4	2.89765567765563	0.57509596187712
"positive regulation of transcription elongation from RNA polymerase II promoter"	133	5	4	6.92097692883029	0.140123628796559
"regulation of histone H2B ubiquitination"	133	5	4	7.24384643780015	0.123549632719425
"regulation of mRNA polyadenylation"	133	5	4	5.10425685425573	0.276766400975415
"tRNA N1-guanine methylation"	133	5	4	25.9992294667681	3.16559344939809e-05
"mRNA stabilization"	133	5	4	5.64242424242542	0.227491036877446
"negative regulation of sodium ion transmembrane transporter activity"	133	5	4	20.3194444444448	0.000431859110480177
"positive regulation of actin filament bundle assembly"	133	5	4	6.82656538790967	0.14534225968167
"positive regulation of calcium ion transmembrane transporter activity"	133	5	4	21.5186022660674	0.000249848301121176
"positive regulation of transcription from RNA polymerase II promoter in response to cobalt ion"	133	5	4	5.64242424242542	0.227491036877446
"positive regulation of transcription from RNA polymerase II promoter in response to hypoxia"	133	5	4	5.64242424242542	0.227491036877446
"positive regulation of transcription from RNA polymerase II promoter in response to iron ion starvation"	133	5	4	5.64242424242542	0.227491036877446
"regulation of transcription from RNA polymerase II promoter in response to hypoxia"	133	5	4	5.64242424242542	0.227491036877446
"regulation of transcription from RNA polymerase II promoter in response to iron ion starvation"	133	5	4	5.64242424242542	0.227491036877446
"snRNA export from nucleus"	133	5	4	4.4772131851611	0.345257964109642
"anaphase-promoting complex-dependent catabolic process"	133	5	4	5.22420634920548	0.265056312635735
"dephosphorylation of RNA polymerase II C-terminal domain"	133	5	4	6.76749135723126	0.148697365594464
"fatty acid transmembrane transport"	133	5	4	4.78765521568264	0.309787334231186
"glucose import"	133	5	4	20.3194444444448	0.000431859110480177
"L-methionine biosynthetic process from homoserine via O-acetyl-L-homoserine and cystathionine"	133	5	4	51.9689870593486	1.40020658657373e-10
"long-chain fatty acid import into peroxisome"	133	5	4	5.43273677726558	0.245705543708145
"mitochondrial calcium ion homeostasis"	133	5	4	16.587840743225	0.00232378046507906
"negative regulation of cardiac muscle cell apoptotic process"	133	5	4	18.7351816432902	0.000885900294320313
"negative regulation of DNA-templated transcription, elongation"	133	5	4	41.2641025641027	2.36979992657226e-08
"negative regulation of transcription elongation from RNA polymerase II promoter"	133	5	4	41.2641025641027	2.36979992657226e-08
"pore formation by virus in membrane of host cell"	133	5	4	5.10425685425573	0.276766400975415
"protein targeting to lysosome"	133	5	4	20.5103520085987	0.00039590040051866
"protein targeting to lysosome involved in chaperone-mediated autophagy"	133	5	4	20.5103520085987	0.00039590040051866
"protein targeting to vacuole"	133	5	4	32.6617564311727	1.40091013362996e-06
"protein targeting to vacuole involved in autophagy"	133	5	4	20.5103520085987	0.00039590040051866
"activation of MAPKK activity"	133	5	4	13.3373500545255	0.00973983429574574
"arginine catabolic process to proline"	133	5	4	30.7118320610686	3.50497783294107e-06
"arginine catabolic process to proline via ornithine"	133	5	4	30.7118320610686	3.50497783294107e-06
"bile acid:sodium symporter activity"	133	5	4	30.7106480589074	3.50692646039448e-06
"fatty acid beta-oxidation using acyl-CoA oxidase"	133	5	4	102.638237725244	2.69805179714324e-21
"mitochondrial calcium ion transmembrane transport"	133	5	4	16.0041240098795	0.00301363483561167
"mitochondrial tRNA wobble uridine modification"	133	5	4	12.9328426026906	0.0116086415951514
"monocarboxylate:sodium symporter activity"	133	5	4	30.7106480589074	3.50692646039448e-06
"negative regulation of ERK1 and ERK2 cascade"	133	5	4	41.2604958774002	2.37387943160705e-08
"negative regulation of extrinsic apoptotic signaling pathway in absence of ligand"	133	5	4	39.1183633266112	6.58508154175616e-08
"negative regulation of transcription from RNA polymerase II promoter in response to stress"	133	5	4	10.8215046446958	0.0286450194728851
"poly(A)+ mRNA export from nucleus"	133	5	4	8.96293905377918	0.0620325333544279
"positive regulation of cholesterol biosynthetic process"	133	5	4	95.1907918649934	1.03795208927418e-19
"positive regulation of microtubule nucleation"	133	5	4	10.8215046446958	0.0286450194728851
"positive regulation of microtubule polymerization"	133	5	4	10.8215046446958	0.0286450194728851
"positive regulation of mRNA splicing, via spliceosome"	133	5	4	23.708806728023	9.135870954263e-05
"protein import into chloroplast stroma"	133	5	4	41.2592937886029	2.37524066425315e-08
"regulation of alternative mRNA splicing, via spliceosome"	133	5	4	3.21316637647812	0.522806979111377
"regulation of microtubule nucleation"	133	5	4	10.8215046446958	0.0286450194728851
"regulation of mitotic spindle assembly"	133	5	4	10.8215046446958	0.0286450194728851
"retrograde protein transport, ER to cytosol"	133	5	4	7.96616625252807	0.0928254598363796
"RNA interference"	133	5	4	16.2724184744181	0.00267457796262921
"synaptic vesicle uncoating"	133	5	4	18.7351816432902	0.000885900294320313
"carbon catabolite repression of transcription"	133	5	4	30.7118320610686	3.50497783294107e-06
"histone arginine methylation"	133	5	4	22.4608800429533	0.000162227304243036
"histone H3-K4 methylation"	133	5	4	20.779172112871	0.000350241856919384
"histone H4 deacetylation"	133	5	4	2.91017470047259	0.572968229858041
"mitochondrial asparaginyl-tRNA aminoacylation"	133	5	4	27.6153029388085	1.4924484613329e-05
"negative regulation of aldosterone biosynthetic process"	133	5	4	3.03983501275685	0.551181379856716
"negative regulation of cortisol biosynthetic process"	133	5	4	3.03983501275685	0.551181379856716
"negative regulation of endoplasmic reticulum stress-induced intrinsic apoptotic signaling pathway"	133	5	4	10.8215046446958	0.0286450194728851
"negative regulation of glucocorticoid biosynthetic process"	133	5	4	3.03983501275685	0.551181379856716
"negative regulation of insulin secretion"	133	5	4	3.03983501275685	0.551181379856716
"nuclear-transcribed mRNA poly(A) tail shortening"	133	5	4	41.2641025641027	2.36979992657226e-08
"outward rectifier potassium channel activity"	133	5	4	4.50830514844044	0.341563839711186
"peptidyl-cysteine S-trans-nitrosylation"	133	5	4	11.8876748469418	0.0182063861532375
"peptidyl-proline hydroxylation to 4-hydroxy-L-proline"	133	5	4	13.057293760637	0.0109992130261208
"positive regulation of ATPase-coupled calcium transmembrane transporter activity"	133	5	4	16.6288574389618	0.00228163258454109
"positive regulation of JUN kinase activity"	133	5	4	3.80375784422298	0.433215280582186
"positive regulation of peptidyl-tyrosine phosphorylation"	133	5	4	10.704319689293	0.030095941308783
"regulation of ATPase-coupled calcium transmembrane transporter activity"	133	5	4	16.6288574389618	0.00228163258454109
"regulation of cortisol biosynthetic process"	133	5	4	3.03983501275685	0.551181379856716
"regulation of JUN kinase activity"	133	5	4	7.09832368704264	0.130782605046715
"SCF-dependent proteasomal ubiquitin-dependent protein catabolic process"	133	5	4	9.32074202637954	0.0535638128080392
"ADP biosynthetic process"	133	5	4	21.8827975427441	0.00021147843639859
"inhibition of cysteine-type endopeptidase activity"	133	5	4	5.848841512779	0.210724856509562
"negative regulation of intrinsic apoptotic signaling pathway by p53 class mediator"	133	5	4	3.24536532170112	0.517634983296315
"peptidyl-lysine monomethylation"	133	5	4	22.0527975826282	0.000195628196183458
"purine ribonucleoside diphosphate biosynthetic process"	133	5	4	16.6549506295854	0.00225521281630118
"regulation of ERAD pathway"	133	5	4	13.2232270216385	0.0102350381103381
"regulation of stress fiber assembly"	133	5	4	2.99205530652123	0.559155804971011
"snRNA transcription"	133	5	4	17.4803996145854	0.00155864538834271
"zymogen inhibition"	133	5	4	5.848841512779	0.210724856509562
"cytoplasm to vacuole transport by the NVT pathway"	133	5	4	11.9854651162791	0.0174596782884477
"GABA-gated chloride ion channel activity"	133	5	4	20.5322876027381	0.000391963554077776
"glycolytic process via Entner-Doudoroff Pathway"	133	5	4	18.4860508267563	0.000991364395003367
"mitotic spindle assembly checkpoint"	133	5	4	27.0044807154269	1.98374853067326e-05
"negative regulation of mitotic metaphase/anaphase transition"	133	5	4	22.1431608612168	0.000187688578622783
"negative regulation of mitotic sister chromatid separation"	133	5	4	22.1431608612168	0.000187688578622783
"nuclear-transcribed mRNA catabolic process, exonucleolytic"	133	5	4	31.8388587467115	2.06378941178267e-06
"positive regulation of insulin secretion"	133	5	4	3.28346646708763	0.511556109329256
"regulation of chromatin silencing"	133	5	4	10.5881289514311	0.0316044472311344
"3-phosphoadenosine 5-phosphosulfate biosynthetic process"	133	5	4	17.043897637795	0.00189535469621975
"glycolytic process through glucose-1-phosphate"	133	5	4	22.2642000000001	0.000177552331429956
"positive regulation by organism of apoptotic process in other organism involved in symbiotic interaction"	133	5	4	7.81153382612875	0.0987310809430185
"positive regulation by symbiont of host apoptotic process"	133	5	4	7.81153382612875	0.0987310809430185
"glycolytic process from galactose"	133	5	4	14.4992125984257	0.00586096612454569
