Artic_nCoV-2019_1_LEFT,ACCAACCAACTTTCGATCTCTTGT,"Artic_nCoV-2019_1_LEFT,ACCAACCAACTTTCGATCTCTTGT"
Artic_nCoV-2019_1_RIGHT,CATCTTTAAGATGTTGACGTGCCTC,"Artic_nCoV-2019_1_RIGHT,CATCTTTAAGATGTTGACGTGCCTC"
Artic_nCoV-2019_2_LEFT,CTGTTTTACAGGTTCGCGACGT,"Artic_nCoV-2019_2_LEFT,CTGTTTTACAGGTTCGCGACGT"
Artic_nCoV-2019_2_RIGHT,TAAGGATCAGTGCCAAGCTCGT,"Artic_nCoV-2019_2_RIGHT,TAAGGATCAGTGCCAAGCTCGT"
Artic_nCoV-2019_3_LEFT,CGGTAATAAAGGAGCTGGTGGC,"Artic_nCoV-2019_3_LEFT,CGGTAATAAAGGAGCTGGTGGC"
Artic_nCoV-2019_3_RIGHT,AAGGTGTCTGCAATTCATAGCTCT,"Artic_nCoV-2019_3_RIGHT,AAGGTGTCTGCAATTCATAGCTCT"
Artic_nCoV-2019_4_LEFT,GGTGTATACTGCTGCCGTGAAC,"Artic_nCoV-2019_4_LEFT,GGTGTATACTGCTGCCGTGAAC"
Artic_nCoV-2019_4_RIGHT,CACAAGTAGTGGCACCTTCTTTAGT,"Artic_nCoV-2019_4_RIGHT,CACAAGTAGTGGCACCTTCTTTAGT"
Artic_nCoV-2019_5_LEFT,TGGTGAAACTTCATGGCAGACG,"Artic_nCoV-2019_5_LEFT,TGGTGAAACTTCATGGCAGACG"
Artic_nCoV-2019_5_RIGHT,ATTGATGTTGACTTTCTCTTTTTGGAGT,"Artic_nCoV-2019_5_RIGHT,ATTGATGTTGACTTTCTCTTTTTGGAGT"
Artic_nCoV-2019_6_LEFT,GGTGTTGTTGGAGAAGGTTCCG,"Artic_nCoV-2019_6_LEFT,GGTGTTGTTGGAGAAGGTTCCG"
Artic_nCoV-2019_6_RIGHT,TAGCGGCCTTCTGTAAAACACG,"Artic_nCoV-2019_6_RIGHT,TAGCGGCCTTCTGTAAAACACG"
Artic_nCoV-2019_7_LEFT,ATCAGAGGCTGCTCGTGTTGTA,"Artic_nCoV-2019_7_LEFT,ATCAGAGGCTGCTCGTGTTGTA"
Artic_nCoV-2019_7_LEFT_alt0,CATTTGCATCAGAGGCTGCTCG,"Artic_nCoV-2019_7_LEFT_alt0,CATTTGCATCAGAGGCTGCTCG"
Artic_nCoV-2019_7_RIGHT,TGCACAGGTGACAATTTGTCCA,"Artic_nCoV-2019_7_RIGHT,TGCACAGGTGACAATTTGTCCA"
Artic_nCoV-2019_7_RIGHT_alt5,AGGTGACAATTTGTCCACCGAC,"Artic_nCoV-2019_7_RIGHT_alt5,AGGTGACAATTTGTCCACCGAC"
Artic_nCoV-2019_8_LEFT,AGAGTTTCTTAGAGACGGTTGGGA,"Artic_nCoV-2019_8_LEFT,AGAGTTTCTTAGAGACGGTTGGGA"
Artic_nCoV-2019_8_RIGHT,GCTTCAACAGCTTCACTAGTAGGT,"Artic_nCoV-2019_8_RIGHT,GCTTCAACAGCTTCACTAGTAGGT"
Artic_nCoV-2019_9_LEFT,TCCCACAGAAGTGTTAACAGAGGA,"Artic_nCoV-2019_9_LEFT,TCCCACAGAAGTGTTAACAGAGGA"
Artic_nCoV-2019_9_LEFT_alt4,TTCCCACAGAAGTGTTAACAGAGG,"Artic_nCoV-2019_9_LEFT_alt4,TTCCCACAGAAGTGTTAACAGAGG"
Artic_nCoV-2019_9_RIGHT,ATGACAGCATCTGCCACAACAC,"Artic_nCoV-2019_9_RIGHT,ATGACAGCATCTGCCACAACAC"
Artic_nCoV-2019_9_RIGHT_alt2,GACAGCATCTGCCACAACACAG,"Artic_nCoV-2019_9_RIGHT_alt2,GACAGCATCTGCCACAACACAG"
Artic_nCoV-2019_10_LEFT,TGAGAAGTGCTCTGCCTATACAGT,"Artic_nCoV-2019_10_LEFT,TGAGAAGTGCTCTGCCTATACAGT"
Artic_nCoV-2019_10_RIGHT,TCATCTAACCAATCTTCTTCTTGCTCT,"Artic_nCoV-2019_10_RIGHT,TCATCTAACCAATCTTCTTCTTGCTCT"
Artic_nCoV-2019_11_LEFT,GGAATTTGGTGCCACTTCTGCT,"Artic_nCoV-2019_11_LEFT,GGAATTTGGTGCCACTTCTGCT"
Artic_nCoV-2019_11_RIGHT,TCATCAGATTCAACTTGCATGGCA,"Artic_nCoV-2019_11_RIGHT,TCATCAGATTCAACTTGCATGGCA"
Artic_nCoV-2019_12_LEFT,AAACATGGAGGAGGTGTTGCAG,"Artic_nCoV-2019_12_LEFT,AAACATGGAGGAGGTGTTGCAG"
Artic_nCoV-2019_12_RIGHT,TTCACTCTTCATTTCCAAAAAGCTTGA,"Artic_nCoV-2019_12_RIGHT,TTCACTCTTCATTTCCAAAAAGCTTGA"
Artic_nCoV-2019_13_LEFT,TCGCACAAATGTCTACTTAGCTGT,"Artic_nCoV-2019_13_LEFT,TCGCACAAATGTCTACTTAGCTGT"
Artic_nCoV-2019_13_RIGHT,ACCACAGCAGTTAAAACACCCT,"Artic_nCoV-2019_13_RIGHT,ACCACAGCAGTTAAAACACCCT"
Artic_nCoV-2019_14_LEFT,CATCCAGATTCTGCCACTCTTGT,"Artic_nCoV-2019_14_LEFT,CATCCAGATTCTGCCACTCTTGT"
Artic_nCoV-2019_14_LEFT_alt4,TGGCAATCTTCATCCAGATTCTGC,"Artic_nCoV-2019_14_LEFT_alt4,TGGCAATCTTCATCCAGATTCTGC"
Artic_nCoV-2019_14_RIGHT,AGTTTCCACACAGACAGGCATT,"Artic_nCoV-2019_14_RIGHT,AGTTTCCACACAGACAGGCATT"
Artic_nCoV-2019_14_RIGHT_alt2,TGCGTGTTTCTTCTGCATGTGC,"Artic_nCoV-2019_14_RIGHT_alt2,TGCGTGTTTCTTCTGCATGTGC"
Artic_nCoV-2019_15_LEFT,ACAGTGCTTAAAAAGTGTAAAAGTGCC,"Artic_nCoV-2019_15_LEFT,ACAGTGCTTAAAAAGTGTAAAAGTGCC"
Artic_nCoV-2019_15_LEFT_alt1,AGTGCTTAAAAAGTGTAAAAGTGCCT,"Artic_nCoV-2019_15_LEFT_alt1,AGTGCTTAAAAAGTGTAAAAGTGCCT"
Artic_nCoV-2019_15_RIGHT,AACAGAAACTGTAGCTGGCACT,"Artic_nCoV-2019_15_RIGHT,AACAGAAACTGTAGCTGGCACT"
Artic_nCoV-2019_15_RIGHT_alt3,ACTGTAGCTGGCACTTTGAGAGA,"Artic_nCoV-2019_15_RIGHT_alt3,ACTGTAGCTGGCACTTTGAGAGA"
Artic_nCoV-2019_16_LEFT,AATTTGGAAGAAGCTGCTCGGT,"Artic_nCoV-2019_16_LEFT,AATTTGGAAGAAGCTGCTCGGT"
Artic_nCoV-2019_16_RIGHT,CACAACTTGCGTGTGGAGGTTA,"Artic_nCoV-2019_16_RIGHT,CACAACTTGCGTGTGGAGGTTA"
Artic_nCoV-2019_17_LEFT,CTTCTTTCTTTGAGAGAAGTGAGGACT,"Artic_nCoV-2019_17_LEFT,CTTCTTTCTTTGAGAGAAGTGAGGACT"
Artic_nCoV-2019_17_RIGHT,TTTGTTGGAGTGTTAACAATGCAGT,"Artic_nCoV-2019_17_RIGHT,TTTGTTGGAGTGTTAACAATGCAGT"
Artic_nCoV-2019_18_LEFT,TGGAAATACCCACAAGTTAATGGTTTAAC,"Artic_nCoV-2019_18_LEFT,TGGAAATACCCACAAGTTAATGGTTTAAC"
Artic_nCoV-2019_18_LEFT_alt2,ACTTCTATTAAATGGGCAGATAACAACTGT,"Artic_nCoV-2019_18_LEFT_alt2,ACTTCTATTAAATGGGCAGATAACAACTGT"
Artic_nCoV-2019_18_RIGHT,AGCTTGTTTACCACACGTACAAGG,"Artic_nCoV-2019_18_RIGHT,AGCTTGTTTACCACACGTACAAGG"
Artic_nCoV-2019_18_RIGHT_alt1,GCTTGTTTACCACACGTACAAGG,"Artic_nCoV-2019_18_RIGHT_alt1,GCTTGTTTACCACACGTACAAGG"
Artic_nCoV-2019_19_LEFT,GCTGTTATGTACATGGGCACACT,"Artic_nCoV-2019_19_LEFT,GCTGTTATGTACATGGGCACACT"
Artic_nCoV-2019_19_RIGHT,TGTCCAACTTAGGGTCAATTTCTGT,"Artic_nCoV-2019_19_RIGHT,TGTCCAACTTAGGGTCAATTTCTGT"
Artic_nCoV-2019_20_LEFT,ACAAAGAAAACAGTTACACAACAACCA,"Artic_nCoV-2019_20_LEFT,ACAAAGAAAACAGTTACACAACAACCA"
Artic_nCoV-2019_20_RIGHT,ACGTGGCTTTATTAGTTGCATTGTT,"Artic_nCoV-2019_20_RIGHT,ACGTGGCTTTATTAGTTGCATTGTT"
Artic_nCoV-2019_21_LEFT,TGGCTATTGATTATAAACACTACACACCC,"Artic_nCoV-2019_21_LEFT,TGGCTATTGATTATAAACACTACACACCC"
Artic_nCoV-2019_21_LEFT_alt2,GGCTATTGATTATAAACACTACACACCCT,"Artic_nCoV-2019_21_LEFT_alt2,GGCTATTGATTATAAACACTACACACCCT"
Artic_nCoV-2019_21_RIGHT,TAGATCTGTGTGGCCAACCTCT,"Artic_nCoV-2019_21_RIGHT,TAGATCTGTGTGGCCAACCTCT"
Artic_nCoV-2019_21_RIGHT_alt0,GATCTGTGTGGCCAACCTCTTC,"Artic_nCoV-2019_21_RIGHT_alt0,GATCTGTGTGGCCAACCTCTTC"
Artic_nCoV-2019_22_LEFT,ACTACCGAAGTTGTAGGAGACATTATACT,"Artic_nCoV-2019_22_LEFT,ACTACCGAAGTTGTAGGAGACATTATACT"
Artic_nCoV-2019_22_RIGHT,ACAGTATTCTTTGCTATAGTAGTCGGC,"Artic_nCoV-2019_22_RIGHT,ACAGTATTCTTTGCTATAGTAGTCGGC"
Artic_nCoV-2019_23_LEFT,ACAACTACTAACATAGTTACACGGTGT,"Artic_nCoV-2019_23_LEFT,ACAACTACTAACATAGTTACACGGTGT"
Artic_nCoV-2019_23_RIGHT,ACCAGTACAGTAGGTTGCAATAGTG,"Artic_nCoV-2019_23_RIGHT,ACCAGTACAGTAGGTTGCAATAGTG"
Artic_nCoV-2019_24_LEFT,AGGCATGCCTTCTTACTGTACTG,"Artic_nCoV-2019_24_LEFT,AGGCATGCCTTCTTACTGTACTG"
Artic_nCoV-2019_24_RIGHT,ACATTCTAACCATAGCTGAAATCGGG,"Artic_nCoV-2019_24_RIGHT,ACATTCTAACCATAGCTGAAATCGGG"
Artic_nCoV-2019_25_LEFT,GCAATTGTTTTTCAGCTATTTTGCAGT,"Artic_nCoV-2019_25_LEFT,GCAATTGTTTTTCAGCTATTTTGCAGT"
Artic_nCoV-2019_25_RIGHT,ACTGTAGTGACAAGTCTCTCGCA,"Artic_nCoV-2019_25_RIGHT,ACTGTAGTGACAAGTCTCTCGCA"
Artic_nCoV-2019_26_LEFT,TTGTGATACATTCTGTGCTGGTAGT,"Artic_nCoV-2019_26_LEFT,TTGTGATACATTCTGTGCTGGTAGT"
Artic_nCoV-2019_26_RIGHT,TCCGCACTATCACCAACATCAG,"Artic_nCoV-2019_26_RIGHT,TCCGCACTATCACCAACATCAG"
Artic_nCoV-2019_27_LEFT,ACTACAGTCAGCTTATGTGTCAACC,"Artic_nCoV-2019_27_LEFT,ACTACAGTCAGCTTATGTGTCAACC"
Artic_nCoV-2019_27_RIGHT,AATACAAGCACCAAGGTCACGG,"Artic_nCoV-2019_27_RIGHT,AATACAAGCACCAAGGTCACGG"
Artic_nCoV-2019_28_LEFT,ACATAGAAGTTACTGGCGATAGTTGT,"Artic_nCoV-2019_28_LEFT,ACATAGAAGTTACTGGCGATAGTTGT"
Artic_nCoV-2019_28_RIGHT,TGTTTAGACATGACATGAACAGGTGT,"Artic_nCoV-2019_28_RIGHT,TGTTTAGACATGACATGAACAGGTGT"
Artic_nCoV-2019_29_LEFT,ACTTGTGTTCCTTTTTGTTGCTGC,"Artic_nCoV-2019_29_LEFT,ACTTGTGTTCCTTTTTGTTGCTGC"
Artic_nCoV-2019_29_RIGHT,AGTGTACTCTATAAGTTTTGATGGTGTGT,"Artic_nCoV-2019_29_RIGHT,AGTGTACTCTATAAGTTTTGATGGTGTGT"
Artic_nCoV-2019_30_LEFT,GCACAACTAATGGTGACTTTTTGCA,"Artic_nCoV-2019_30_LEFT,GCACAACTAATGGTGACTTTTTGCA"
Artic_nCoV-2019_30_RIGHT,ACCACTAGTAGATACACAAACACCAG,"Artic_nCoV-2019_30_RIGHT,ACCACTAGTAGATACACAAACACCAG"
Artic_nCoV-2019_31_LEFT,TTCTGAGTACTGTAGGCACGGC,"Artic_nCoV-2019_31_LEFT,TTCTGAGTACTGTAGGCACGGC"
Artic_nCoV-2019_31_RIGHT,ACAGAATAAACACCAGGTAAGAATGAGT,"Artic_nCoV-2019_31_RIGHT,ACAGAATAAACACCAGGTAAGAATGAGT"
Artic_nCoV-2019_32_LEFT,TGGTGAATACAGTCATGTAGTTGCC,"Artic_nCoV-2019_32_LEFT,TGGTGAATACAGTCATGTAGTTGCC"
Artic_nCoV-2019_32_RIGHT,AGCACATCACTACGCAACTTTAGA,"Artic_nCoV-2019_32_RIGHT,AGCACATCACTACGCAACTTTAGA"
Artic_nCoV-2019_33_LEFT,ACTTTTGAAGAAGCTGCGCTGT,"Artic_nCoV-2019_33_LEFT,ACTTTTGAAGAAGCTGCGCTGT"
Artic_nCoV-2019_33_RIGHT,TGGACAGTAAACTACGTCATCAAGC,"Artic_nCoV-2019_33_RIGHT,TGGACAGTAAACTACGTCATCAAGC"
Artic_nCoV-2019_34_LEFT,TCCCATCTGGTAAAGTTGAGGGT,"Artic_nCoV-2019_34_LEFT,TCCCATCTGGTAAAGTTGAGGGT"
Artic_nCoV-2019_34_RIGHT,AGTGAAATTGGGCCTCATAGCA,"Artic_nCoV-2019_34_RIGHT,AGTGAAATTGGGCCTCATAGCA"
Artic_nCoV-2019_35_LEFT,TGTTCGCATTCAACCAGGACAG,"Artic_nCoV-2019_35_LEFT,TGTTCGCATTCAACCAGGACAG"
Artic_nCoV-2019_35_RIGHT,ACTTCATAGCCACAAGGTTAAAGTCA,"Artic_nCoV-2019_35_RIGHT,ACTTCATAGCCACAAGGTTAAAGTCA"
Artic_nCoV-2019_36_LEFT,TTAGCTTGGTTGTACGCTGCTG,"Artic_nCoV-2019_36_LEFT,TTAGCTTGGTTGTACGCTGCTG"
Artic_nCoV-2019_36_RIGHT,GAACAAAGACCATTGAGTACTCTGGA,"Artic_nCoV-2019_36_RIGHT,GAACAAAGACCATTGAGTACTCTGGA"
Artic_nCoV-2019_37_LEFT,ACACACCACTGGTTGTTACTCAC,"Artic_nCoV-2019_37_LEFT,ACACACCACTGGTTGTTACTCAC"
Artic_nCoV-2019_37_RIGHT,GTCCACACTCTCCTAGCACCAT,"Artic_nCoV-2019_37_RIGHT,GTCCACACTCTCCTAGCACCAT"
Artic_nCoV-2019_38_LEFT,ACTGTGTTATGTATGCATCAGCTGT,"Artic_nCoV-2019_38_LEFT,ACTGTGTTATGTATGCATCAGCTGT"
Artic_nCoV-2019_38_RIGHT,CACCAAGAGTCAGTCTAAAGTAGCG,"Artic_nCoV-2019_38_RIGHT,CACCAAGAGTCAGTCTAAAGTAGCG"
Artic_nCoV-2019_39_LEFT,AGTATTGCCCTATTTTCTTCATAACTGGT,"Artic_nCoV-2019_39_LEFT,AGTATTGCCCTATTTTCTTCATAACTGGT"
Artic_nCoV-2019_39_RIGHT,TGTAACTGGACACATTGAGCCC,"Artic_nCoV-2019_39_RIGHT,TGTAACTGGACACATTGAGCCC"
Artic_nCoV-2019_40_LEFT,TGCACATCAGTAGTCTTACTCTCAGT,"Artic_nCoV-2019_40_LEFT,TGCACATCAGTAGTCTTACTCTCAGT"
Artic_nCoV-2019_40_RIGHT,CATGGCTGCATCACGGTCAAAT,"Artic_nCoV-2019_40_RIGHT,CATGGCTGCATCACGGTCAAAT"
Artic_nCoV-2019_41_LEFT,GTTCCCTTCCATCATATGCAGCT,"Artic_nCoV-2019_41_LEFT,GTTCCCTTCCATCATATGCAGCT"
Artic_nCoV-2019_41_RIGHT,TGGTATGACAACCATTAGTTTGGCT,"Artic_nCoV-2019_41_RIGHT,TGGTATGACAACCATTAGTTTGGCT"
Artic_nCoV-2019_42_LEFT,TGCAAGAGATGGTTGTGTTCCC,"Artic_nCoV-2019_42_LEFT,TGCAAGAGATGGTTGTGTTCCC"
Artic_nCoV-2019_42_RIGHT,CCTACCTCCCTTTGTTGTGTTGT,"Artic_nCoV-2019_42_RIGHT,CCTACCTCCCTTTGTTGTGTTGT"
Artic_nCoV-2019_43_LEFT,TACGACAGATGTCTTGTGCTGC,"Artic_nCoV-2019_43_LEFT,TACGACAGATGTCTTGTGCTGC"
Artic_nCoV-2019_43_RIGHT,AGCAGCATCTACAGCAAAAGCA,"Artic_nCoV-2019_43_RIGHT,AGCAGCATCTACAGCAAAAGCA"
Artic_nCoV-2019_44_LEFT,TGCCACAGTACGTCTACAAGCT,"Artic_nCoV-2019_44_LEFT,TGCCACAGTACGTCTACAAGCT"
Artic_nCoV-2019_44_LEFT_alt3,CCACAGTACGTCTACAAGCTGG,"Artic_nCoV-2019_44_LEFT_alt3,CCACAGTACGTCTACAAGCTGG"
Artic_nCoV-2019_44_RIGHT,AACCTTTCCACATACCGCAGAC,"Artic_nCoV-2019_44_RIGHT,AACCTTTCCACATACCGCAGAC"
Artic_nCoV-2019_44_RIGHT_alt0,CGCAGACGGTACAGACTGTGTT,"Artic_nCoV-2019_44_RIGHT_alt0,CGCAGACGGTACAGACTGTGTT"
Artic_nCoV-2019_45_LEFT,TACCTACAACTTGTGCTAATGACCC,"Artic_nCoV-2019_45_LEFT,TACCTACAACTTGTGCTAATGACCC"
Artic_nCoV-2019_45_LEFT_alt2,AGTATGTACAAATACCTACAACTTGTGCT,"Artic_nCoV-2019_45_LEFT_alt2,AGTATGTACAAATACCTACAACTTGTGCT"
Artic_nCoV-2019_45_RIGHT,AAATTGTTTCTTCATGTTGGTAGTTAGAGA,"Artic_nCoV-2019_45_RIGHT,AAATTGTTTCTTCATGTTGGTAGTTAGAGA"
Artic_nCoV-2019_45_RIGHT_alt7,TTCATGTTGGTAGTTAGAGAAAGTGTGTC,"Artic_nCoV-2019_45_RIGHT_alt7,TTCATGTTGGTAGTTAGAGAAAGTGTGTC"
Artic_nCoV-2019_46_LEFT,TGTCGCTTCCAAGAAAAGGACG,"Artic_nCoV-2019_46_LEFT,TGTCGCTTCCAAGAAAAGGACG"
Artic_nCoV-2019_46_LEFT_alt1,CGCTTCCAAGAAAAGGACGAAGA,"Artic_nCoV-2019_46_LEFT_alt1,CGCTTCCAAGAAAAGGACGAAGA"
Artic_nCoV-2019_46_RIGHT,CACGTTCACCTAAGTTGGCGTA,"Artic_nCoV-2019_46_RIGHT,CACGTTCACCTAAGTTGGCGTA"
Artic_nCoV-2019_46_RIGHT_alt2,CACGTTCACCTAAGTTGGCGTAT,"Artic_nCoV-2019_46_RIGHT_alt2,CACGTTCACCTAAGTTGGCGTAT"
Artic_nCoV-2019_47_LEFT,AGGACTGGTATGATTTTGTAGAAAACCC,"Artic_nCoV-2019_47_LEFT,AGGACTGGTATGATTTTGTAGAAAACCC"
Artic_nCoV-2019_47_RIGHT,AATAACGGTCAAAGAGTTTTAACCTCTC,"Artic_nCoV-2019_47_RIGHT,AATAACGGTCAAAGAGTTTTAACCTCTC"
Artic_nCoV-2019_48_LEFT,TGTTGACACTGACTTAACAAAGCCT,"Artic_nCoV-2019_48_LEFT,TGTTGACACTGACTTAACAAAGCCT"
Artic_nCoV-2019_48_RIGHT,TAGATTACCAGAAGCAGCGTGC,"Artic_nCoV-2019_48_RIGHT,TAGATTACCAGAAGCAGCGTGC"
Artic_nCoV-2019_49_LEFT,AGGAATTACTTGTGTATGCTGCTGA,"Artic_nCoV-2019_49_LEFT,AGGAATTACTTGTGTATGCTGCTGA"
Artic_nCoV-2019_49_RIGHT,TGACGATGACTTGGTTAGCATTAATACA,"Artic_nCoV-2019_49_RIGHT,TGACGATGACTTGGTTAGCATTAATACA"
Artic_nCoV-2019_50_LEFT,GTTGATAAGTACTTTGATTGTTACGATGGT,"Artic_nCoV-2019_50_LEFT,GTTGATAAGTACTTTGATTGTTACGATGGT"
Artic_nCoV-2019_50_RIGHT,TAACATGTTGTGCCAACCACCA,"Artic_nCoV-2019_50_RIGHT,TAACATGTTGTGCCAACCACCA"
Artic_nCoV-2019_51_LEFT,TCAATAGCCGCCACTAGAGGAG,"Artic_nCoV-2019_51_LEFT,TCAATAGCCGCCACTAGAGGAG"
Artic_nCoV-2019_51_RIGHT,AGTGCATTAACATTGGCCGTGA,"Artic_nCoV-2019_51_RIGHT,AGTGCATTAACATTGGCCGTGA"
Artic_nCoV-2019_52_LEFT,CATCAGGAGATGCCACAACTGC,"Artic_nCoV-2019_52_LEFT,CATCAGGAGATGCCACAACTGC"
Artic_nCoV-2019_52_RIGHT,GTTGAGAGCAAAATTCATGAGGTCC,"Artic_nCoV-2019_52_RIGHT,GTTGAGAGCAAAATTCATGAGGTCC"
Artic_nCoV-2019_53_LEFT,AGCAAAATGTTGGACTGAGACTGA,"Artic_nCoV-2019_53_LEFT,AGCAAAATGTTGGACTGAGACTGA"
Artic_nCoV-2019_53_RIGHT,AGCCTCATAAAACTCAGGTTCCC,"Artic_nCoV-2019_53_RIGHT,AGCCTCATAAAACTCAGGTTCCC"
Artic_nCoV-2019_54_LEFT,TGAGTTAACAGGACACATGTTAGACA,"Artic_nCoV-2019_54_LEFT,TGAGTTAACAGGACACATGTTAGACA"
Artic_nCoV-2019_54_RIGHT,AACCAAAAACTTGTCCATTAGCACA,"Artic_nCoV-2019_54_RIGHT,AACCAAAAACTTGTCCATTAGCACA"
Artic_nCoV-2019_55_LEFT,ACTCAACTTTACTTAGGAGGTATGAGCT,"Artic_nCoV-2019_55_LEFT,ACTCAACTTTACTTAGGAGGTATGAGCT"
Artic_nCoV-2019_55_RIGHT,GGTGTACTCTCCTATTTGTACTTTACTGT,"Artic_nCoV-2019_55_RIGHT,GGTGTACTCTCCTATTTGTACTTTACTGT"
Artic_nCoV-2019_56_LEFT,ACCTAGACCACCACTTAACCGA,"Artic_nCoV-2019_56_LEFT,ACCTAGACCACCACTTAACCGA"
Artic_nCoV-2019_56_RIGHT,ACACTATGCGAGCAGAAGGGTA,"Artic_nCoV-2019_56_RIGHT,ACACTATGCGAGCAGAAGGGTA"
Artic_nCoV-2019_57_LEFT,ATTCTACACTCCAGGGACCACC,"Artic_nCoV-2019_57_LEFT,ATTCTACACTCCAGGGACCACC"
Artic_nCoV-2019_57_RIGHT,GTAATTGAGCAGGGTCGCCAAT,"Artic_nCoV-2019_57_RIGHT,GTAATTGAGCAGGGTCGCCAAT"
Artic_nCoV-2019_58_LEFT,TGATTTGAGTGTTGTCAATGCCAGA,"Artic_nCoV-2019_58_LEFT,TGATTTGAGTGTTGTCAATGCCAGA"
Artic_nCoV-2019_58_RIGHT,CTTTTCTCCAAGCAGGGTTACGT,"Artic_nCoV-2019_58_RIGHT,CTTTTCTCCAAGCAGGGTTACGT"
Artic_nCoV-2019_59_LEFT,TCACGCATGATGTTTCATCTGCA,"Artic_nCoV-2019_59_LEFT,TCACGCATGATGTTTCATCTGCA"
Artic_nCoV-2019_59_RIGHT,AAGAGTCCTGTTACATTTTCAGCTTG,"Artic_nCoV-2019_59_RIGHT,AAGAGTCCTGTTACATTTTCAGCTTG"
Artic_nCoV-2019_60_LEFT,TGATAGAGACCTTTATGACAAGTTGCA,"Artic_nCoV-2019_60_LEFT,TGATAGAGACCTTTATGACAAGTTGCA"
Artic_nCoV-2019_60_RIGHT,GGTACCAACAGCTTCTCTAGTAGC,"Artic_nCoV-2019_60_RIGHT,GGTACCAACAGCTTCTCTAGTAGC"
Artic_nCoV-2019_61_LEFT,TGTTTATCACCCGCGAAGAAGC,"Artic_nCoV-2019_61_LEFT,TGTTTATCACCCGCGAAGAAGC"
Artic_nCoV-2019_61_RIGHT,ATCACATAGACAACAGGTGCGC,"Artic_nCoV-2019_61_RIGHT,ATCACATAGACAACAGGTGCGC"
Artic_nCoV-2019_62_LEFT,GGCACATGGCTTTGAGTTGACA,"Artic_nCoV-2019_62_LEFT,GGCACATGGCTTTGAGTTGACA"
Artic_nCoV-2019_62_RIGHT,GTTGAACCTTTCTACAAGCCGC,"Artic_nCoV-2019_62_RIGHT,GTTGAACCTTTCTACAAGCCGC"
Artic_nCoV-2019_63_LEFT,TGTTAAGCGTGTTGACTGGACT,"Artic_nCoV-2019_63_LEFT,TGTTAAGCGTGTTGACTGGACT"
Artic_nCoV-2019_63_RIGHT,ACAAACTGCCACCATCACAACC,"Artic_nCoV-2019_63_RIGHT,ACAAACTGCCACCATCACAACC"
Artic_nCoV-2019_64_LEFT,TCGATAGATATCCTGCTAATTCCATTGT,"Artic_nCoV-2019_64_LEFT,TCGATAGATATCCTGCTAATTCCATTGT"
Artic_nCoV-2019_64_RIGHT,AGTCTTGTAAAAGTGTTCCAGAGGT,"Artic_nCoV-2019_64_RIGHT,AGTCTTGTAAAAGTGTTCCAGAGGT"
Artic_nCoV-2019_65_LEFT,GCTGGCTTTAGCTTGTGGGTTT,"Artic_nCoV-2019_65_LEFT,GCTGGCTTTAGCTTGTGGGTTT"
Artic_nCoV-2019_65_RIGHT,TGTCAGTCATAGAACAAACACCAATAGT,"Artic_nCoV-2019_65_RIGHT,TGTCAGTCATAGAACAAACACCAATAGT"
Artic_nCoV-2019_66_LEFT,GGGTGTGGACATTGCTGCTAAT,"Artic_nCoV-2019_66_LEFT,GGGTGTGGACATTGCTGCTAAT"
Artic_nCoV-2019_66_RIGHT,TCAATTTCCATTTGACTCCTGGGT,"Artic_nCoV-2019_66_RIGHT,TCAATTTCCATTTGACTCCTGGGT"
Artic_nCoV-2019_67_LEFT,GTTGTCCAACAATTACCTGAAACTTACT,"Artic_nCoV-2019_67_LEFT,GTTGTCCAACAATTACCTGAAACTTACT"
Artic_nCoV-2019_67_RIGHT,CAACCTTAGAAACTACAGATAAATCTTGGG,"Artic_nCoV-2019_67_RIGHT,CAACCTTAGAAACTACAGATAAATCTTGGG"
Artic_nCoV-2019_68_LEFT,ACAGGTTCATCTAAGTGTGTGTGT,"Artic_nCoV-2019_68_LEFT,ACAGGTTCATCTAAGTGTGTGTGT"
Artic_nCoV-2019_68_RIGHT,CTCCTTTATCAGAACCAGCACCA,"Artic_nCoV-2019_68_RIGHT,CTCCTTTATCAGAACCAGCACCA"
Artic_nCoV-2019_69_LEFT,TGTCGCAAAATATACTCAACTGTGTCA,"Artic_nCoV-2019_69_LEFT,TGTCGCAAAATATACTCAACTGTGTCA"
Artic_nCoV-2019_69_RIGHT,TCTTTATAGCCACGGAACCTCCA,"Artic_nCoV-2019_69_RIGHT,TCTTTATAGCCACGGAACCTCCA"
Artic_nCoV-2019_70_LEFT,ACAAAAGAAAATGACTCTAAAGAGGGTTT,"Artic_nCoV-2019_70_LEFT,ACAAAAGAAAATGACTCTAAAGAGGGTTT"
Artic_nCoV-2019_70_RIGHT,TGACCTTCTTTTAAAGACATAACAGCAG,"Artic_nCoV-2019_70_RIGHT,TGACCTTCTTTTAAAGACATAACAGCAG"
Artic_nCoV-2019_71_LEFT,ACAAATCCAATTCAGTTGTCTTCCTATTC,"Artic_nCoV-2019_71_LEFT,ACAAATCCAATTCAGTTGTCTTCCTATTC"
Artic_nCoV-2019_71_RIGHT,TGGAAAAGAAAGGTAAGAACAAGTCCT,"Artic_nCoV-2019_71_RIGHT,TGGAAAAGAAAGGTAAGAACAAGTCCT"
Artic_nCoV-2019_72_LEFT,ACACGTGGTGTTTATTACCCTGAC,"Artic_nCoV-2019_72_LEFT,ACACGTGGTGTTTATTACCCTGAC"
Artic_nCoV-2019_72_RIGHT,ACTCTGAACTCACTTTCCATCCAAC,"Artic_nCoV-2019_72_RIGHT,ACTCTGAACTCACTTTCCATCCAAC"
Artic_nCoV-2019_73_LEFT,CAATTTTGTAATGATCCATTTTTGGGTGT,"Artic_nCoV-2019_73_LEFT,CAATTTTGTAATGATCCATTTTTGGGTGT"
Artic_nCoV-2019_73_RIGHT,CACCAGCTGTCCAACCTGAAGA,"Artic_nCoV-2019_73_RIGHT,CACCAGCTGTCCAACCTGAAGA"
Artic_nCoV-2019_74_LEFT,ACATCACTAGGTTTCAAACTTTACTTGC,"Artic_nCoV-2019_74_LEFT,ACATCACTAGGTTTCAAACTTTACTTGC"
Artic_nCoV-2019_74_RIGHT,GCAACACAGTTGCTGATTCTCTTC,"Artic_nCoV-2019_74_RIGHT,GCAACACAGTTGCTGATTCTCTTC"
Artic_nCoV-2019_75_LEFT,AGAGTCCAACCAACAGAATCTATTGT,"Artic_nCoV-2019_75_LEFT,AGAGTCCAACCAACAGAATCTATTGT"
Artic_nCoV-2019_75_RIGHT,ACCACCAACCTTAGAATCAAGATTGT,"Artic_nCoV-2019_75_RIGHT,ACCACCAACCTTAGAATCAAGATTGT"
Artic_nCoV-2019_76_LEFT,AGGGCAAACTGGAAAGATTGCT,"Artic_nCoV-2019_76_LEFT,AGGGCAAACTGGAAAGATTGCT"
Artic_nCoV-2019_76_LEFT_alt3,GGGCAAACTGGAAAGATTGCTGA,"Artic_nCoV-2019_76_LEFT_alt3,GGGCAAACTGGAAAGATTGCTGA"
Artic_nCoV-2019_76_RIGHT,ACACCTGTGCCTGTTAAACCAT,"Artic_nCoV-2019_76_RIGHT,ACACCTGTGCCTGTTAAACCAT"
Artic_nCoV-2019_76_RIGHT_alt0,ACCTGTGCCTGTTAAACCATTGA,"Artic_nCoV-2019_76_RIGHT_alt0,ACCTGTGCCTGTTAAACCATTGA"
Artic_nCoV-2019_77_LEFT,CCAGCAACTGTTTGTGGACCTA,"Artic_nCoV-2019_77_LEFT,CCAGCAACTGTTTGTGGACCTA"
Artic_nCoV-2019_77_RIGHT,CAGCCCCTATTAAACAGCCTGC,"Artic_nCoV-2019_77_RIGHT,CAGCCCCTATTAAACAGCCTGC"
Artic_nCoV-2019_78_LEFT,CAACTTACTCCTACTTGGCGTGT,"Artic_nCoV-2019_78_LEFT,CAACTTACTCCTACTTGGCGTGT"
Artic_nCoV-2019_78_RIGHT,TGTGTACAAAAACTGCCATATTGCA,"Artic_nCoV-2019_78_RIGHT,TGTGTACAAAAACTGCCATATTGCA"
Artic_nCoV-2019_79_LEFT,GTGGTGATTCAACTGAATGCAGC,"Artic_nCoV-2019_79_LEFT,GTGGTGATTCAACTGAATGCAGC"
Artic_nCoV-2019_79_RIGHT,CATTTCATCTGTGAGCAAAGGTGG,"Artic_nCoV-2019_79_RIGHT,CATTTCATCTGTGAGCAAAGGTGG"
Artic_nCoV-2019_80_LEFT,TTGCCTTGGTGATATTGCTGCT,"Artic_nCoV-2019_80_LEFT,TTGCCTTGGTGATATTGCTGCT"
Artic_nCoV-2019_80_RIGHT,TGGAGCTAAGTTGTTTAACAAGCG,"Artic_nCoV-2019_80_RIGHT,TGGAGCTAAGTTGTTTAACAAGCG"
Artic_nCoV-2019_81_LEFT,GCACTTGGAAAACTTCAAGATGTGG,"Artic_nCoV-2019_81_LEFT,GCACTTGGAAAACTTCAAGATGTGG"
Artic_nCoV-2019_81_RIGHT,GTGAAGTTCTTTTCTTGTGCAGGG,"Artic_nCoV-2019_81_RIGHT,GTGAAGTTCTTTTCTTGTGCAGGG"
Artic_nCoV-2019_82_LEFT,GGGCTATCATCTTATGTCCTTCCCT,"Artic_nCoV-2019_82_LEFT,GGGCTATCATCTTATGTCCTTCCCT"
Artic_nCoV-2019_82_RIGHT,TGCCAGAGATGTCACCTAAATCAA,"Artic_nCoV-2019_82_RIGHT,TGCCAGAGATGTCACCTAAATCAA"
Artic_nCoV-2019_83_LEFT,TCCTTTGCAACCTGAATTAGACTCA,"Artic_nCoV-2019_83_LEFT,TCCTTTGCAACCTGAATTAGACTCA"
Artic_nCoV-2019_83_RIGHT,TTTGACTCCTTTGAGCACTGGC,"Artic_nCoV-2019_83_RIGHT,TTTGACTCCTTTGAGCACTGGC"
Artic_nCoV-2019_84_LEFT,TGCTGTAGTTGTCTCAAGGGCT,"Artic_nCoV-2019_84_LEFT,TGCTGTAGTTGTCTCAAGGGCT"
Artic_nCoV-2019_84_RIGHT,AGGTGTGAGTAAACTGTTACAAACAAC,"Artic_nCoV-2019_84_RIGHT,AGGTGTGAGTAAACTGTTACAAACAAC"
Artic_nCoV-2019_85_LEFT,ACTAGCACTCTCCAAGGGTGTT,"Artic_nCoV-2019_85_LEFT,ACTAGCACTCTCCAAGGGTGTT"
Artic_nCoV-2019_85_RIGHT,ACACAGTCTTTTACTCCAGATTCCC,"Artic_nCoV-2019_85_RIGHT,ACACAGTCTTTTACTCCAGATTCCC"
Artic_nCoV-2019_86_LEFT,TCAGGTGATGGCACAACAAGTC,"Artic_nCoV-2019_86_LEFT,TCAGGTGATGGCACAACAAGTC"
Artic_nCoV-2019_86_RIGHT,ACGAAAGCAAGAAAAAGAAGTACGC,"Artic_nCoV-2019_86_RIGHT,ACGAAAGCAAGAAAAAGAAGTACGC"
Artic_nCoV-2019_87_LEFT,CGACTACTAGCGTGCCTTTGTA,"Artic_nCoV-2019_87_LEFT,CGACTACTAGCGTGCCTTTGTA"
Artic_nCoV-2019_87_RIGHT,ACTAGGTTCCATTGTTCAAGGAGC,"Artic_nCoV-2019_87_RIGHT,ACTAGGTTCCATTGTTCAAGGAGC"
Artic_nCoV-2019_88_LEFT,CCATGGCAGATTCCAACGGTAC,"Artic_nCoV-2019_88_LEFT,CCATGGCAGATTCCAACGGTAC"
Artic_nCoV-2019_88_RIGHT,TGGTCAGAATAGTGCCATGGAGT,"Artic_nCoV-2019_88_RIGHT,TGGTCAGAATAGTGCCATGGAGT"
Artic_nCoV-2019_89_LEFT,GTACGCGTTCCATGTGGTCATT,"Artic_nCoV-2019_89_LEFT,GTACGCGTTCCATGTGGTCATT"
Artic_nCoV-2019_89_LEFT_alt2,CGCGTTCCATGTGGTCATTCAA,"Artic_nCoV-2019_89_LEFT_alt2,CGCGTTCCATGTGGTCATTCAA"
Artic_nCoV-2019_89_RIGHT,ACCTGAAAGTCAACGAGATGAAACA,"Artic_nCoV-2019_89_RIGHT,ACCTGAAAGTCAACGAGATGAAACA"
Artic_nCoV-2019_89_RIGHT_alt4,ACGAGATGAAACATCTGTTGTCACT,"Artic_nCoV-2019_89_RIGHT_alt4,ACGAGATGAAACATCTGTTGTCACT"
Artic_nCoV-2019_90_LEFT,ACACAGACCATTCCAGTAGCAGT,"Artic_nCoV-2019_90_LEFT,ACACAGACCATTCCAGTAGCAGT"
Artic_nCoV-2019_90_RIGHT,TGAAATGGTGAATTGCCCTCGT,"Artic_nCoV-2019_90_RIGHT,TGAAATGGTGAATTGCCCTCGT"
Artic_nCoV-2019_91_LEFT,TCACTACCAAGAGTGTGTTAGAGGT,"Artic_nCoV-2019_91_LEFT,TCACTACCAAGAGTGTGTTAGAGGT"
Artic_nCoV-2019_91_RIGHT,TTCAAGTGAGAACCAAAAGATAATAAGCA,"Artic_nCoV-2019_91_RIGHT,TTCAAGTGAGAACCAAAAGATAATAAGCA"
Artic_nCoV-2019_92_LEFT,TTTGTGCTTTTTAGCCTTTCTGCT,"Artic_nCoV-2019_92_LEFT,TTTGTGCTTTTTAGCCTTTCTGCT"
Artic_nCoV-2019_92_RIGHT,AGGTTCCTGGCAATTAATTGTAAAAGG,"Artic_nCoV-2019_92_RIGHT,AGGTTCCTGGCAATTAATTGTAAAAGG"
Artic_nCoV-2019_93_LEFT,TGAGGCTGGTTCTAAATCACCCA,"Artic_nCoV-2019_93_LEFT,TGAGGCTGGTTCTAAATCACCCA"
Artic_nCoV-2019_93_RIGHT,AGGTCTTCCTTGCCATGTTGAG,"Artic_nCoV-2019_93_RIGHT,AGGTCTTCCTTGCCATGTTGAG"
Artic_nCoV-2019_94_LEFT,GGCCCCAAGGTTTACCCAATAA,"Artic_nCoV-2019_94_LEFT,GGCCCCAAGGTTTACCCAATAA"
Artic_nCoV-2019_94_RIGHT,TTTGGCAATGTTGTTCCTTGAGG,"Artic_nCoV-2019_94_RIGHT,TTTGGCAATGTTGTTCCTTGAGG"
Artic_nCoV-2019_95_LEFT,TGAGGGAGCCTTGAATACACCA,"Artic_nCoV-2019_95_LEFT,TGAGGGAGCCTTGAATACACCA"
Artic_nCoV-2019_95_RIGHT,CAGTACGTTTTTGCCGAGGCTT,"Artic_nCoV-2019_95_RIGHT,CAGTACGTTTTTGCCGAGGCTT"
Artic_nCoV-2019_96_LEFT,GCCAACAACAACAAGGCCAAAC,"Artic_nCoV-2019_96_LEFT,GCCAACAACAACAAGGCCAAAC"
Artic_nCoV-2019_96_RIGHT,TAGGCTCTGTTGGTGGGAATGT,"Artic_nCoV-2019_96_RIGHT,TAGGCTCTGTTGGTGGGAATGT"
Artic_nCoV-2019_97_LEFT,TGGATGACAAAGATCCAAATTTCAAAGA,"Artic_nCoV-2019_97_LEFT,TGGATGACAAAGATCCAAATTTCAAAGA"
Artic_nCoV-2019_97_RIGHT,ACACACTGATTAAAGATTGCTATGTGAG,"Artic_nCoV-2019_97_RIGHT,ACACACTGATTAAAGATTGCTATGTGAG"
Artic_nCoV-2019_98_LEFT,AACAATTGCAACAATCCATGAGCA,"Artic_nCoV-2019_98_LEFT,AACAATTGCAACAATCCATGAGCA"
Artic_nCoV-2019_98_RIGHT,TTCTCCTAAGAAGCTATTAAAATCACATGG,"Artic_nCoV-2019_98_RIGHT,TTCTCCTAAGAAGCTATTAAAATCACATGG"
